GTD ID,DATE,COUNTRY,CITY,PERPETRATOR 1,GUNCERTAIN 1,PERPETRATOR 2,GUNCERTAIN 2,PERPETRATOR 3,GUNCERTAIN 3,FATALITIES,INJURED,TARGET TYPE 1,TARGET TYPE 2,TARGET TYPE 3,REGION,ATTACK TYPE 1,ATTACK TYPE 2,ATTACK TYPE 3,WEAPON TYPE 1,WEAPON TYPE 2,WEAPON TYPE 3,WEAPON TYPE 4
201612310044,2016-12-31,"Mexico","Guachochi","Unknown",0,0,0,Journalists & Media,North America,,,,Assassination,Firearms
201612150044,2016-12-15,"United States","Dallas","Anti-Semitic extremists",0,,,,,0,1,Journalists & Media,,,North America,Assassination,,,Other,,,
201612110014,2016-12-10,"Mexico","Chihuahua","Unknown",0,,,,,1,0,Journalists & Media,,,North America,Assassination,,,Firearms,,,
201612080038,2016-12-07,"United States","Redlands","Unknown",0,,,,,0,0,Religious Figures/Institutions,,,North America,Facility/Infrastructure Attack,,,Incendiary,,,
201612040047,2016-12-04,"United States","Washington","Unknown",0,,,,,0,0,Business,,,North America,Armed Assault,,,Firearms,Firearms,,
201611280001,2016-11-28,"United States","Columbus","Jihadi-inspired extremists",0,,,,,1,11,Private Citizens & Property,,,North America,Armed Assault,,,Melee,Vehicle (not to include vehicle-borne explosives, i.e., car or truck bombs),,
201611250026,2016-11-25,"United States","Tacoma","Unknown",0,,,,,0,0,Religious Figures/Institutions,,,North America,Facility/Infrastructure Attack,,,Incendiary,,,
201611230062,2016-11-23,"United States","Albuquerque","Unknown",0,,,,,0,0,Business,,,North America,Facility/Infrastructure Attack,,,Incendiary,,,
201610160022,2016-10-16,"United States","Hillsborough","Unknown",0,,,,,0,0,Private Citizens & Property,,,North America,Facility/Infrastructure Attack,,,Incendiary,,,
201610150013,2016-10-15,"United States","Reasnor","Unknown",0,,,,,0,0,Business,,,North America,Facility/Infrastructure Attack,,,Incendiary,,,
201610130052,2016-10-13,"United States","Indianapolis","Anti-White extremists",0,,,,,0,0,Police,,,North America,Armed Assault,,,Firearms,,,
201610090043,2016-10-09,"United States","Century","Unknown",0,,,,,0,0,Religious Figures/Institutions,,,North America,Facility/Infrastructure Attack,,,Incendiary,,,
201610040058,2016-10-04,"United States","Indianapolis","Anti-White extremists",0,,,,,0,0,Police,,,North America,Armed Assault,,,Firearms,,,
201610030060,2016-10-03,"United States","Lincoln","Unknown",0,,,,,0,0,Religious Figures/Institutions,,,North America,Facility/Infrastructure Attack,,,Incendiary,,,
201610030040,2016-10-03,"United States","Lincoln","Unknown",0,,,,,0,0,Religious Figures/Institutions,,,North America,Facility/Infrastructure Attack,,,Incendiary,,,
201609240025,2016-09-24,"United States","Kansas City","Unknown",0,,,,,0,0,Religious Figures/Institutions,,,North America,Facility/Infrastructure Attack,,,Incendiary,,,
201609180039,2016-09-18,"Canada","Montreal","Unknown",0,,,,,0,0,Journalists & Media,,,North America,Facility/Infrastructure Attack,,,Incendiary,,,
201609180001,2016-09-18,"United States","Elizabeth","Jihadi-inspired extremists",0,,,,,0,0,Transportation,,,North America,Bombing/Explosion,,,Explosives/Bombs/Dynamite,,,
201609170004,2016-09-17,"United States","St. Cloud","Jihadi-inspired extremists",0,,,,,1,10,Business,,,North America,Armed Assault,,,Melee,,,
201609170003,2016-09-17,"United States","New York City","Jihadi-inspired extremists",0,,,,,0,0,Private Citizens & Property,,,North America,Bombing/Explosion,,,Explosives/Bombs/Dynamite,,,
201609170002,2016-09-17,"United States","New York City","Jihadi-inspired extremists",0,,,,,0,29,Private Citizens & Property,,,North America,Bombing/Explosion,,,Explosives/Bombs/Dynamite,,,
201609170001,2016-09-17,"United States","Seaside Park","Jihadi-inspired extremists",0,,,,,0,0,Private Citizens & Property,,,North America,Bombing/Explosion,,,Explosives/Bombs/Dynamite,,,
201609160002,2016-09-16,"United States","Philadelphia","Anti-Police extremists",0,,,,,2,5,Police,Police,Private Citizens & Property,North America,Armed Assault,,,Firearms,,,
201609150025,2016-09-14,"Canada","Hamilton","Anti-Muslim extremists",0,,,,,0,0,Religious Figures/Institutions,,,North America,Facility/Infrastructure Attack,,,Incendiary,,,
201609120001,2016-09-12,"United States","Fort Pierce","Anti-Muslim extremists",0,,,,,0,0,Religious Figures/Institutions,,,North America,Facility/Infrastructure Attack,,,Incendiary,,,
201609020055,2016-09-02,"United States","Las Vegas","Unknown",0,,,,,0,0,Religious Figures/Institutions,,,North America,Facility/Infrastructure Attack,,,Incendiary,,,
201608230025,2016-08-23,"United States","Salem","Unknown",0,,,,,0,0,Journalists & Media,,,North America,Bombing/Explosion,,,Explosives/Bombs/Dynamite,,,
201608200042,2016-08-20,"United States","Roanoke","Unknown",0,,,,,0,3,Private Citizens & Property,,,North America,Armed Assault,,,Melee,,,
201608130021,2016-08-13,"United States","New York City","Unknown",0,,,,,2,0,Religious Figures/Institutions,Private Citizens & Property,,North America,Armed Assault,,,Firearms,,,
201608100099,2016-08-10,"United States","Endicott","Unknown",0,,,,,0,0,Private Citizens & Property,,,North America,Facility/Infrastructure Attack,,,Incendiary,,,
201608100055,2016-08-10,"Canada","Strathroy","Jihadi-inspired extremists",0,,,,,1,1,Transportation,,,North America,Bombing/Explosion,,,Explosives/Bombs/Dynamite,,,
201608090044,2016-08-09,"United States","New City","Unknown",0,,,,,0,0,Religious Figures/Institutions,,,North America,Bombing/Explosion,,,Explosives/Bombs/Dynamite,,,
201608090043,2016-08-09,"United States","New City","Unknown",0,,,,,0,0,Religious Figures/Institutions,,,North America,Bombing/Explosion,,,Explosives/Bombs/Dynamite,,,
201608050054,2016-08-05,"United States","Tampa","Unknown",0,,,,,0,0,Religious Figures/Institutions,,,North America,Facility/Infrastructure Attack,,,Incendiary,,,
201608040052,2016-08-04,"United States","Tampa","Unknown",0,,,,,0,0,Religious Figures/Institutions,,,North America,Facility/Infrastructure Attack,,,Incendiary,,,
201608010028,2016-08-01,"United States","Reasnor","Unknown",0,,,,,0,0,Utilities,,,North America,Facility/Infrastructure Attack,,,Incendiary,,,
201608010027,2016-08-01,"United States","Newton","Unknown",0,,,,,0,0,Utilities,,,North America,Facility/Infrastructure Attack,,,Incendiary,,,
201607310050,2016-07-31,"United States","Oskaloosa","Unknown",0,,,,,0,0,Utilities,,,North America,Facility/Infrastructure Attack,,,Incendiary,,,
201607270058,2016-07-27,"United States","Tampa","Unknown",0,,,,,0,0,Educational Institution,,,North America,Facility/Infrastructure Attack,,,Incendiary,,,
201607250049,2016-07-25,"United States","Las Vegas","Unknown",0,,,,,0,0,Other,,,North America,Facility/Infrastructure Attack,,,Incendiary,,,
201607250048,2016-07-25,"United States","Las Vegas","Unknown",0,,,,,0,0,Religious Figures/Institutions,,,North America,Facility/Infrastructure Attack,,,Incendiary,,,
201607180070,2016-07-17,"United States","Tampa","Unknown",0,,,,,0,0,Educational Institution,,,North America,Facility/Infrastructure Attack,,,Incendiary,,,
201607170022,2016-07-17,"United States","Daytona Beach","Anti-Police extremists",0,,,,,0,0,Police,,,North America,Facility/Infrastructure Attack,,,Incendiary,,,
201607170005,2016-07-17,"United States","Baton Rouge","Anti-Police extremists",0,,,,,4,3,Police,,,North America,Armed Assault,,,Firearms,Firearms,,
201607090022,2016-07-09,"United States","San Antonio","Unknown",0,,,,,0,0,Police,,,North America,Armed Assault,,,Firearms,,,
201607070018,2016-07-07,"United States","College Station","Anti-Muslim extremists",1,,,,,0,0,Religious Figures/Institutions,,,North America,Armed Assault,,,Firearms,,,
201607070016,2016-07-07,"United States","Bristol","Anti-Police extremists",0,,,,,1,4,Police,Private Citizens & Property,,North America,Armed Assault,,,Firearms,Firearms,,
201607070001,2016-07-07,"United States","Dallas","Anti-White extremists",0,,,,,6,9,Police,,,North America,Armed Assault,,,Firearms,Firearms,,
201607050044,2016-07-05,"United States","St. Louis","Black Hebrew Israelites",1,,,,,0,0,Religious Figures/Institutions,,,North America,Facility/Infrastructure Attack,,,Incendiary,,,
201607040048,2016-07-04,"United States","St. Louis","Black Hebrew Israelites",1,,,,,0,0,Religious Figures/Institutions,,,North America,Facility/Infrastructure Attack,,,Incendiary,,,
201606180037,2016-06-18,"United States","Las Vegas","Anti-Trump extremists",0,,,,,0,0,Private Citizens & Property,,,North America,Assassination,,,Firearms,,,
201606120001,2016-06-12,"United States","Orlando","Jihadi-inspired extremists",0,,,,,50,53,Business,Private Citizens & Property,,North America,Hostage Taking (Barricade Incident),Armed Assault,,Firearms,Firearms,,
201606090034,2016-06-09,"United States","New York City","Unknown",0,,,,,0,0,Religious Figures/Institutions,,,North America,Facility/Infrastructure Attack,,,Incendiary,,,
201606050082,2016-06-05,"United States","New York City","Unknown",0,,,,,0,0,Religious Figures/Institutions,,,North America,Facility/Infrastructure Attack,,,Incendiary,,,
201606050067,2016-06-05,"Mexico","Emiliano Zapata","Unknown",0,,,,,1,0,Unknown,,,North America,Armed Assault,,,Melee,,,
201605260052,2016-05-26,"United States","Vancouver","Unknown",0,,,,,0,0,Religious Figures/Institutions,,,North America,Facility/Infrastructure Attack,,,Incendiary,,,
201605250061,2016-05-25,"United States","Modesto","Unknown",0,,,,,0,0,Abortion Related,,,North America,Facility/Infrastructure Attack,,,Incendiary,,,
201605250055,2016-05-25,"United States","Vancouver","Unknown",0,,,,,0,0,Religious Figures/Institutions,,,North America,Facility/Infrastructure Attack,,,Incendiary,,,
201604260043,2016-04-26,"United States","Haverhill","Unknown",0,,,,,0,0,Religious Figures/Institutions,,,North America,Facility/Infrastructure Attack,,,Incendiary,,,
201604250050,2016-04-25,"Mexico","Taxco","Unknown",0,,,,,1,0,Journalists & Media,,,North America,Assassination,,,Firearms,,,
201604210055,2016-04-21,"United States","Bonners Ferry","Unknown",0,,,,,0,0,Religious Figures/Institutions,,,North America,Facility/Infrastructure Attack,,,Incendiary,,,
201603300069,2016-03-30,"United States","Tyngsborough","Court Reform extremists",0,,,,,0,0,Utilities,,,North America,Facility/Infrastructure Attack,,,Incendiary,,,
201603140054,2016-03-14,"Canada","Toronto","Unknown",0,,,,,0,2,Military,,,North America,Armed Assault,,,Melee,,,
201602280069,2016-02-28,"United States","Lake Los Angeles","White extremists",1,,,,,0,3,Private Citizens & Property,,,North America,Armed Assault,,,Melee,Melee,,
201602180063,2016-02-18,"United States","Nashville","White extremists",0,,,,,0,1,Private Citizens & Property,,,North America,Armed Assault,,,Melee,,,
201602110023,2016-02-11,"United States","Columbus","Muslim extremists",0,,,,,1,4,Business,,,North America,Armed Assault,,,Melee,,,
201602080038,2016-02-08,"Mexico","Orizaba","Unknown",0,,,,,1,0,Journalists & Media,,,North America,Assassination,,,Firearms,,,
201601150040,2016-01-15,"United States","New York City","Anti-Muslim extremists",0,,,,,0,1,Private Citizens & Property,,,North America,Unarmed Assault,,,Melee,,,
201601100041,2016-01-10,"Canada","Calgary","Muslim extremists",0,,,,,0,1,Business,,,North America,Armed Assault,,,Firearms,,,
201601090036,2016-01-09,"Canada","Vancouver","Unknown",0,,,,,0,30,Other,,,North America,Unarmed Assault,,,Chemical,,,
201601070024,2016-01-07,"United States","Philadelphia","Jihadi-inspired extremists",0,,,,,0,2,Police,,,North America,Armed Assault,,,Firearms,,,
201601020043,2016-01-02,"United States","Princeton","Citizens for Constitutional Freedom",0,,,,,0,0,Government (General),,,North America,Facility/Infrastructure Attack,,,Firearms,Firearms,Firearms,
201512310048,2015-12-31,"United States","Strasburg","Unknown",0,,,,,0,0,Private Citizens & Property,,,North America,Bombing/Explosion,,,Explosives/Bombs/Dynamite,,,
201512300045,2015-12-30,"United States","Colerain","Unknown",0,,,,,0,0,Private Citizens & Property,,,North America,Bombing/Explosion,,,Explosives/Bombs/Dynamite,,,
201512260016,2015-12-26,"United States","Tracy","Unknown",0,,,,,0,0,Religious Figures/Institutions,,,North America,Armed Assault,,,Incendiary,,,
201512110031,2015-12-11,"United States","Coachella","Anti-Muslim extremists",0,,,,,0,0,Religious Figures/Institutions,,,North America,Facility/Infrastructure Attack,,,Incendiary,,,
201512080038,2015-12-08,"United States","Grand Forks","Anti-Muslim extremists",0,,,,,0,0,Business,,,North America,Facility/Infrastructure Attack,,,Incendiary,,,
201512050031,2015-12-05,"United States","New York City","Anti-Muslim extremists",0,,,,,0,1,Private Citizens & Property,,,North America,Unarmed Assault,,,Melee,,,
201512020012,2015-12-02,"United States","San Bernardino","Jihadi-inspired extremists",0,,,,,16,17,Government (General),,,North America,Bombing/Explosion,Armed Assault,,Explosives/Bombs/Dynamite,Firearms,,
201511290030,2015-11-29,"Mexico","Acapulco","Unknown",0,,,,,3,5,Private Citizens & Property,,,North America,Armed Assault,,,Firearms,,,
201511270001,2015-11-27,"United States","Colorado Springs","Anti-Abortion extremists",0,,,,,3,9,Abortion Related,,,North America,Hostage Taking (Barricade Incident),Armed Assault,,Firearms,,,
201511230084,2015-11-23,"United States","Minneapolis","Sovereign Citizen",0,"White extremists",0,,,0,5,Private Citizens & Property,,,North America,Armed Assault,,,Firearms,,,
201511190054,2015-11-19,"United States","Falls Church","Anti-Muslim extremists",0,,,,,0,0,Religious Figures/Institutions,,,North America,Facility/Infrastructure Attack,,,Incendiary,Fake Weapons,,
201511160028,2015-11-16,"Canada","Toronto","Unknown",0,,,,,0,1,Private Citizens & Property,,,North America,Unarmed Assault,,,Melee,,,
201511150043,2015-11-15,"United States","Meriden","Anti-Muslim extremists",0,,,,,0,0,Religious Figures/Institutions,,,North America,Armed Assault,,,Firearms,Firearms,,
201511140036,2015-11-14,"Canada","Peterborough","Unknown",0,,,,,0,0,Religious Figures/Institutions,,,North America,Facility/Infrastructure Attack,,,Incendiary,,,
201511060053,2015-11-06,"United States","Ingelwood","Anti-Sikh extremists",0,,,,,0,1,Private Citizens & Property,,,North America,Unarmed Assault,,,Melee,,,
201511040056,2015-11-04,"United States","Merced","Jihadi-inspired extremists",0,,,,,1,4,Educational Institution,,,North America,Armed Assault,,,Melee,,,
201511010076,2015-11-01,"United States","Tupelo","Right-wing extremists",0,,,,,0,0,Business,,,North America,Bombing/Explosion,,,Explosives/Bombs/Dynamite,,,
201510310072,2015-10-31,"Mexico","Ecatepec","Pagan Sect of the Mountain",0,,,,,0,0,Transportation,,,North America,Bombing/Explosion,,,Explosives/Bombs/Dynamite,,,
201510310071,2015-10-31,"Mexico","Ecatepec","Pagan Sect of the Mountain",0,,,,,0,0,Transportation,,,North America,Bombing/Explosion,,,Explosives/Bombs/Dynamite,,,
201510310070,2015-10-31,"Mexico","Ecatepec","Pagan Sect of the Mountain",0,,,,,0,0,Transportation,,,North America,Bombing/Explosion,,,Explosives/Bombs/Dynamite,,,
201510310069,2015-10-31,"Mexico","Ecatepec","Pagan Sect of the Mountain",0,,,,,0,0,Transportation,,,North America,Bombing/Explosion,,,Explosives/Bombs/Dynamite,,,
201510310068,2015-10-31,"Mexico","Ecatepec","Pagan Sect of the Mountain",0,,,,,0,0,Transportation,,,North America,Bombing/Explosion,,,Explosives/Bombs/Dynamite,,,
201510310067,2015-10-31,"Mexico","Ecatepec","Pagan Sect of the Mountain",0,,,,,0,0,Transportation,,,North America,Bombing/Explosion,,,Explosives/Bombs/Dynamite,,,
201510310066,2015-10-31,"Mexico","Ecatepec","Pagan Sect of the Mountain",0,,,,,0,0,Transportation,,,North America,Bombing/Explosion,,,Explosives/Bombs/Dynamite,,,
201510310065,2015-10-31,"Mexico","Ecatepec","Pagan Sect of the Mountain",0,,,,,0,0,Transportation,,,North America,Bombing/Explosion,,,Explosives/Bombs/Dynamite,,,
201510310064,2015-10-31,"Mexico","Ecatepec","Pagan Sect of the Mountain",0,,,,,0,0,Transportation,,,North America,Bombing/Explosion,,,Explosives/Bombs/Dynamite,,,
201509300082,2015-09-30,"United States","Thousand Oaks","Unknown",0,,,,,0,0,Abortion Related,,,North America,Facility/Infrastructure Attack,,,Incendiary,,,
201509130079,2015-09-13,"United States","Bullard","Muslim extremists",0,,,,,0,0,Religious Figures/Institutions,,,North America,Armed Assault,,,Firearms,,,
201509040048,2015-09-04,"United States","Pullman","Unknown",0,,,,,0,0,Abortion Related,,,North America,Facility/Infrastructure Attack,,,Incendiary,,,
201508300065,2015-08-30,"Canada","Barrie","Unknown",0,,,,,0,0,Food or Water Supply,,,North America,Bombing/Explosion,,,Explosives/Bombs/Dynamite,,,
201508140093,2015-08-14,"United States","Las Cruces","Unknown",0,,,,,0,0,Religious Figures/Institutions,,,North America,Bombing/Explosion,,,Explosives/Bombs/Dynamite,,,
201508020115,2015-08-02,"United States","Las Cruces","Unknown",0,,,,,0,0,Religious Figures/Institutions,,,North America,Bombing/Explosion,,,Explosives/Bombs/Dynamite,,,
201508020114,2015-08-02,"United States","Las Cruces","Unknown",0,,,,,0,0,Religious Figures/Institutions,,,North America,Bombing/Explosion,,,Explosives/Bombs/Dynamite,,,
201508010105,2015-08-01,"United States","New Orleans","Unknown",0,,,,,0,0,Abortion Related,,,North America,Facility/Infrastructure Attack,,,Incendiary,,,
201507230080,2015-07-23,"United States","Lafayette","Anti-Government extremists",0,,,,,3,9,Business,,,North America,Armed Assault,,,Firearms,,,
201507190097,2015-07-19,"United States","Aurora","Unknown",0,,,,,0,0,Abortion Related,,,North America,Facility/Infrastructure Attack,,,Incendiary,,,
201507160062,2015-07-16,"United States","Chattanooga","Muslim extremists",0,,,,,6,2,Military,,,North America,Armed Assault,,,Firearms,Firearms,Firearms,
201507160061,2015-07-16,"United States","Chattanooga","Muslim extremists",0,,,,,0,0,Military,,,North America,Armed Assault,,,Firearms,Firearms,Firearms,
201507150077,2015-07-15,"United States","Houston","Unknown",0,,,,,0,0,Religious Figures/Institutions,,,North America,Facility/Infrastructure Attack,,,Incendiary,,,
201507030101,2015-07-02,"Mexico","Miahuatlan de Porfirio Diaz","Unknown",0,,,,,1,0,Journalists & Media,,,North America,Assassination,,,Firearms,,,
201507030100,2015-07-03,"Mexico","Ecatepec","Unknown",0,,,,,0,0,NGO,,,North America,Bombing/Explosion,,,Explosives/Bombs/Dynamite,,,
201507010139,2015-06-30,"Mexico","Unknown","Unknown",0,,,,,1,0,Journalists & Media,,,North America,Assassination,,,Vehicle (not to include vehicle-borne explosives, i.e., car or truck bombs),,,
201506260093,2015-06-26,"Mexico","Guanajuato","Unknown",0,,,,,1,0,Journalists & Media,,,North America,Assassination,,,Melee,,,
201506260046,2015-06-26,"United States","Warrenville","Unknown",0,,,,,0,0,Religious Figures/Institutions,,,North America,Facility/Infrastructure Attack,,,Incendiary,,,
201506240051,2015-06-24,"United States","Charlotte","Unknown",0,,,,,0,0,Religious Figures/Institutions,,,North America,Facility/Infrastructure Attack,,,Incendiary,,,
201506230056,2015-06-23,"United States","Macon","Unknown",0,,,,,0,0,Religious Figures/Institutions,,,North America,Facility/Infrastructure Attack,,,Incendiary,,,
201506220069,2015-06-22,"United States","Knoxville","Unknown",0,,,,,0,0,Religious Figures/Institutions,,,North America,Facility/Infrastructure Attack,,,Incendiary,,,
201506170035,2015-06-17,"United States","Charleston","White extremists",0,,,,,9,0,Religious Figures/Institutions,,,North America,Armed Assault,,,Firearms,,,
201506070094,2015-06-07,"Canada","Mississauga","Animal Liberation Front (ALF)",0,,,,,0,0,Business,,,North America,Facility/Infrastructure Attack,,,Incendiary,,,
201506030098,2015-06-03,"Mexico","Matamoros","Unknown",0,,,,,0,4,Government (General),,,North America,Bombing/Explosion,,,Explosives/Bombs/Dynamite,,,
201505220063,2015-05-22,"Canada","Montreal","Unknown",0,,,,,0,1,Business,,,North America,Bombing/Explosion,Unarmed Assault,,Explosives/Bombs/Dynamite,Chemical,,
201505040124,2015-05-04,"Mexico","Miahuatlan de Porfirio Diaz","Unknown",0,,,,,1,0,Journalists & Media,,,North America,Assassination,,,Unknown,,,
201505030003,2015-05-03,"United States","Garland","Jihadi-inspired extremists",0,,,,,2,1,Private Citizens & Property,,,North America,Armed Assault,,,Firearms,,,
201504140070,2015-04-14,"Mexico","Juxtlahuaca district","Unknown",0,,,,,1,0,Journalists & Media,,,North America,Assassination,,,Firearms,,,
201503200036,2015-03-20,"United States","New Orleans","Unknown",0,,,,,1,2,Airports and Aircraft,,,North America,Armed Assault,,,Incendiary,Melee,Chemical,
201503100045,2015-03-09,"United States","Reno","Animal Liberation Front (ALF)",0,,,,,0,0,Business,,,North America,Facility/Infrastructure Attack,,,Incendiary,,,
201502230104,2015-02-23,"United States","Kent","Anarchists",0,,,,,0,0,Military,,,North America,Facility/Infrastructure Attack,,,Incendiary,,,
201502180067,2015-02-18,"United States","Kalamazoo","Unknown",0,,,,,0,0,Business,,,North America,Facility/Infrastructure Attack,,,Incendiary,,,
201502170127,2015-02-17,"United States","Melbourne","Unknown",0,,,,,0,0,Religious Figures/Institutions,,,North America,Facility/Infrastructure Attack,,,Incendiary,,,
201502100004,2015-02-10,"United States","Chapel Hill","Anti-Muslim extremists",0,,,,,3,0,Private Citizens & Property,,,North America,Armed Assault,,,Firearms,,,
201502040105,2015-02-04,"Mexico","Matamoros","Unknown",0,,,,,0,1,Journalists & Media,,,North America,Hostage Taking (Kidnapping),,,Firearms,Melee,,
201501060024,2015-01-06,"United States","Colorado Springs","Unknown",0,,,,,0,0,Business,Private Citizens & Property,,North America,Bombing/Explosion,,,Explosives/Bombs/Dynamite,,,
201501020094,2015-01-02,"Mexico","Medellin de Bravo","Unknown",0,,,,,1,0,Journalists & Media,,,North America,Assassination,,,Melee,,,
201412200060,2014-12-20,"United States","New York City","Anti-Police extremists",0,,,,,2,0,Police,,,North America,Armed Assault,,,Firearms,,,
201412180047,2014-12-18,"United States","Morganton","Jihadi-inspired extremists",0,,,,,1,0,Private Citizens & Property,,,North America,Armed Assault,,,Firearms,,,
201412070129,2014-12-07,"United States","Los Angeles","Unknown",0,,,,,0,0,Private Citizens & Property,,,North America,Facility/Infrastructure Attack,,,Incendiary,,,
201411280020,2014-11-28,"United States","Austin","Anti-Government extremists",0,,,,,0,0,Government (Diplomatic),,,North America,Armed Assault,,,Firearms,,,
201411280019,2014-11-28,"United States","Austin","Anti-Government extremists",0,,,,,1,0,Police,,,North America,Armed Assault,,,Firearms,,,
201411280018,2014-11-28,"United States","Austin","Anti-Government extremists",0,,,,,0,0,Government (General),,,North America,Armed Assault,,,Firearms,,,
201411230072,2014-11-23,"United States","Pendleton","United Aryan Empire",0,,,,,0,0,Private Citizens & Property,,,North America,Bombing/Explosion,Armed Assault,,Explosives/Bombs/Dynamite,Firearms,,
201411040087,2014-11-04,"United States","Coachella","Unknown",0,,,,,0,0,Religious Figures/Institutions,,,North America,Armed Assault,,,Firearms,,,
201411040086,2014-11-04,"United States","Roswell","Unknown",0,,,,,0,0,Private Citizens & Property,,,North America,Bombing/Explosion,,,Explosives/Bombs/Dynamite,,,
201410240071,2014-10-24,"United States","Albuquerque","Anti-Muslim extremists",0,,,,,0,0,Religious Figures/Institutions,,,North America,Facility/Infrastructure Attack,,,Incendiary,,,
201410230047,2014-10-23,"United States","New York City","Jihadi-inspired extremists",0,,,,,1,3,Police,,,North America,Armed Assault,,,Melee,,,
201410220044,2014-10-22,"Canada","Ottawa","Jihadi-inspired extremists",0,,,,,2,3,Military,Government (General),,North America,Armed Assault,,,Firearms,,,
201410200022,2014-10-20,"Canada","Saint-Jean-sur-Richelieu","Jihadi-inspired extremists",0,,,,,2,1,Military,,,North America,Armed Assault,,,Melee,Vehicle (not to include vehicle-borne explosives, i.e., car or truck bombs),,
201410030065,2014-10-03,"United States","New York City","Unknown",0,,,,,0,1,Private Citizens & Property,Journalists & Media,,North America,Unarmed Assault,Facility/Infrastructure Attack,,Chemical,,,
201409120032,2014-09-12,"United States","Blooming Grove","Anti-Government extremists",0,,,,,1,1,Police,,,North America,Armed Assault,,,Firearms,,,
201409110001,2014-09-11,"United States","Kansas City","Anarchists",0,,,,,0,0,Government (General),,,North America,Facility/Infrastructure Attack,,,Incendiary,,,
201409060060,2014-09-06,"Mexico","San Miguel de Allende","Unknown",0,,,,,0,2,Government (General),,,North America,Assassination,,,Firearms,,,
201408110060,2014-08-11,"United States","Corinth","Sovereign Citizen",1,,,,,0,0,Police,Other,Private Citizens & Property,North America,Bombing/Explosion,Armed Assault,,Explosives/Bombs/Dynamite,Firearms,,
201406250082,2014-06-25,"United States","West Orange","Jihadi-inspired extremists",0,,,,,1,0,Private Citizens & Property,,,North America,Armed Assault,,,Firearms,,,
201406110089,2014-06-11,"United States","Nogales","Unknown",0,,,,,0,0,Utilities,,,North America,Facility/Infrastructure Attack,,,Incendiary,,,
201406080071,2014-06-08,"United States","Las Vegas","Anti-Government extremists",0,,,,,5,0,Police,Business,,North America,Armed Assault,,,Firearms,,,
201406060065,2014-06-06,"United States","Cumming","Sovereign Citizen",0,,,,,1,1,Government (General),,,North America,Bombing/Explosion,Armed Assault,,Explosives/Bombs/Dynamite,Firearms,Firearms,
201406040075,2014-06-04,"Canada","Moncton","Anti-Government extremists",0,,,,,3,2,Police,,,North America,Armed Assault,,,Firearms,,,
201406010063,2014-06-01,"United States","Seattle","Jihadi-inspired extremists",0,,,,,2,0,Private Citizens & Property,,,North America,Armed Assault,,,Firearms,,,
201405250056,2014-05-25,"Mexico","Ocosingo district","Unknown",0,,,,,0,0,NGO,Tourists,,North America,Hostage Taking (Kidnapping),,,Incendiary,,,
201405050073,2014-05-05,"United States","Weirton","Anti-Government extremists",0,,,,,0,0,Government (General),Police,,North America,Bombing/Explosion,,,Chemical,,,
201404290085,2014-04-27,"Mexico","Ocosingo district","Unknown",0,,,,,0,0,NGO,,,North America,Hostage Taking (Kidnapping),,,Unknown,,,
201404270057,2014-04-27,"United States","Seattle","Jihadi-inspired extremists",0,,,,,1,0,Private Citizens & Property,,,North America,Armed Assault,,,Firearms,,,
201404130061,2014-04-13,"United States","Overland Park","White extremists",0,,,,,1,0,Religious Figures/Institutions,,,North America,Armed Assault,,,Firearms,Firearms,,
201404130060,2014-04-13,"United States","Overland Park","White extremists",0,,,,,2,0,Religious Figures/Institutions,,,North America,Armed Assault,,,Firearms,Firearms,,
201403250090,2014-03-25,"United States","Orland Park","Unknown",0,,,,,0,0,Religious Figures/Institutions,,,North America,Facility/Infrastructure Attack,,,Firearms,,,
201403180089,2014-03-18,"United States","Hattiesburg","Unknown",0,,,,,0,0,Religious Figures/Institutions,,,North America,Armed Assault,,,Firearms,,,
201402050008,2014-02-05,"Mexico","Allende","Unknown",0,,,,,1,0,Journalists & Media,,,North America,Hostage Taking (Kidnapping),,,Firearms,,,
201401060095,2014-01-06,"Mexico","Mexico City","Anarchists",0,,,,,0,0,Government (General),,,North America,Facility/Infrastructure Attack,,,Incendiary,,,
201311010046,2013-11-01,"United States","Los Angeles","Anti-Government extremists",0,,,,,1,4,Airports and Aircraft,Government (General),,North America,Armed Assault,,,Firearms,Firearms,,
201310040044,2013-10-04,"United States","Joplin","Anti-Abortion extremists",0,,,,,0,0,Abortion Related,,,North America,Facility/Infrastructure Attack,,,Incendiary,,,
201310030048,2013-10-03,"United States","Joplin","Anti-Abortion extremists",0,,,,,0,0,Abortion Related,,,North America,Facility/Infrastructure Attack,,,Incendiary,,,
201309030050,2013-09-03,"United States","Coos Bay","Veterans United for Non-Religious Memorials",0,,,,,0,0,Religious Figures/Institutions,,,North America,Bombing/Explosion,,,Explosives/Bombs/Dynamite,,,
201308220053,2013-08-22,"United States","Coos Bay","Veterans United for Non-Religious Memorials",0,,,,,0,0,Private Citizens & Property,,,North America,Bombing/Explosion,,,Explosives/Bombs/Dynamite,,,
201308080043,2013-08-08,"United States","Portland","Students For Insurrection",0,,,,,0,0,Private Citizens & Property,,,North America,Facility/Infrastructure Attack,,,Incendiary,,,
201307250065,2013-07-25,"United States","Manchester","Anti-Muslim extremists",0,,,,,0,0,Religious Figures/Institutions,,,North America,Facility/Infrastructure Attack,,,Incendiary,Other,,
201307010016,2013-07-01,"Canada","Victoria","Unknown",0,,,,,0,0,Private Citizens & Property,,,North America,Bombing/Explosion,,,Explosives/Bombs/Dynamite,,,
201305200075,2013-05-20,"United States","New York City","Anti-Gun Control extremists",0,,,,,0,0,Government (General),,,North America,Unarmed Assault,,,Biological,,,
201305200074,2013-05-20,"United States","Washington","Anti-Gun Control extremists",0,,,,,0,0,Private Citizens & Property,,,North America,Unarmed Assault,,,Biological,,,
201305200073,2013-05-20,"United States","Washington","Anti-Gun Control extremists",0,,,,,0,0,Government (General),,,North America,Unarmed Assault,,,Biological,,,
201305150042,2013-05-15,"Canada","Vancouver","Anti-Gentrification Front",0,,,,,0,0,Private Citizens & Property,,,North America,Facility/Infrastructure Attack,,,Incendiary,,,
201305080001,2013-05-07,"Canada","Ottawa","Unknown",0,,,,,0,0,Government (General),,,North America,Bombing/Explosion,,,Explosives/Bombs/Dynamite,,,
201304190009,2013-04-19,"United States","Watertown","Muslim extremists",0,,,,,2,16,Unknown,,,North America,Hijacking,Bombing/Explosion,,Explosives/Bombs/Dynamite,,,
201304180010,2013-04-18,"United States","McCook","Unknown",0,,,,,0,0,Airports and Aircraft,,,North America,Bombing/Explosion,,,Explosives/Bombs/Dynamite,,,
201304180001,2013-04-18,"United States","Cambridge","Muslim extremists",0,,,,,1,0,Educational Institution,,,North America,Armed Assault,,,Firearms,,,
201304170041,2013-04-17,"United States","West","Unknown",0,,,,,15,151,Business,,,North America,Facility/Infrastructure Attack,,,Incendiary,,,
201304170036,2013-04-17,"Mexico","Zapopan","Unknown",0,,,,,0,0,Journalists & Media,,,North America,Bombing/Explosion,,,Explosives/Bombs/Dynamite,,,
201304160051,2013-04-16,"United States","San Jose","Unknown",0,,,,,0,0,Utilities,,,North America,Facility/Infrastructure Attack,,,Firearms,Sabotage Equipment,,
201304150002,2013-04-15,"United States","Boston","Muslim extremists",0,,,,,2,132,Private Citizens & Property,,,North America,Bombing/Explosion,,,Explosives/Bombs/Dynamite,,,
201304150001,2013-04-15,"United States","Boston","Muslim extremists",0,,,,,1,132,Private Citizens & Property,,,North America,Bombing/Explosion,,,Explosives/Bombs/Dynamite,,,
201303240023,2013-03-24,"Mexico","Unknown","Unknown",0,,,,,2,0,Government (General),Police,,North America,Assassination,,,Firearms,,,
201303150001,2013-03-15,"Mexico","Cancun","Unknown",0,,,,,7,4,Business,,,North America,Armed Assault,,,Firearms,,,
201303060035,2013-03-06,"Mexico","Chihuahua","Unknown",0,,,,,0,0,Journalists & Media,,,North America,Facility/Infrastructure Attack,,,Firearms,,,
201303060034,2013-03-06,"Mexico","Chihuahua","Unknown",0,,,,,0,0,Journalists & Media,,,North America,Facility/Infrastructure Attack,,,Firearms,,,
201303030014,2013-03-03,"Mexico","Ojinaga","Unknown",0,,,,,1,0,Journalists & Media,,,North America,Assassination,,,Firearms,,,
201302260036,2013-02-25,"United States","Seattle","Anarchists",0,,,,,0,0,Business,,,North America,Facility/Infrastructure Attack,,,Incendiary,,,
201302070026,2013-02-07,"Mexico","Torreon","Unknown",0,,,,,0,5,Journalists & Media,,,North America,Hostage Taking (Kidnapping),,,Firearms,,,
201302030025,2013-02-07,"United States","Corona","Anti-Police extremists",0,,,,,1,1,Police,,,North America,Armed Assault,,,Firearms,,,
201301310030,2013-01-31,"Mexico","Mexico City","Individuals Tending Toward Savagery",1,,,,,37,101,Business,,,North America,Facility/Infrastructure Attack,,,Incendiary,,,
201301170006,2013-01-17,"United States","Tacoma","Unknown",0,,,,,0,0,Government (General),,,North America,Bombing/Explosion,,,Explosives/Bombs/Dynamite,,,
201301050055,2013-01-05,"Canada","Vancouver","Animal Liberation Front (ALF)",0,,,,,0,0,Police,,,North America,Facility/Infrastructure Attack,,,Incendiary,,,
201211300009,2012-11-30,"United States","Casa Grande","Iraqi extremists",0,,,,,0,0,Government (General),,,North America,Facility/Infrastructure Attack,,,Incendiary,,,
201211300007,2012-11-30,"Mexico","Mexico City","Unknown",0,,,,,0,0,Business,,,North America,Bombing/Explosion,,,Explosives/Bombs/Dynamite,,,
201211020002,2012-11-02,"Canada","Surrey","Unknown",0,,,,,0,0,Transportation,,,North America,Bombing/Explosion,,,Explosives/Bombs/Dynamite,,,
201209300041,2012-09-30,"United States","Perrysburg","Anti-Muslim extremists",0,,,,,0,0,Religious Figures/Institutions,,,North America,Facility/Infrastructure Attack,,,Firearms,Incendiary,,
201208150059,2012-08-15,"United States","Washington","Pro-LGBT Rights extremists",0,,,,,0,1,NGO,,,North America,Armed Assault,,,Firearms,,,
201208120012,2012-08-12,"United States","Lombard","Unknown",0,,,,,0,0,Educational Institution,,,North America,Bombing/Explosion,,,Chemical,,,
201208060019,2012-08-06,"United States","Joplin","Anti-Muslim extremists",0,,,,,0,0,Religious Figures/Institutions,,,North America,Facility/Infrastructure Attack,,,Incendiary,,,
201208050006,2012-08-05,"United States","Oak Creek","White extremists",0,,,,,7,4,Religious Figures/Institutions,,,North America,Armed Assault,,,Firearms,,,
201207040032,2012-07-04,"United States","Joplin","Anti-Muslim extremists",0,,,,,0,0,Religious Figures/Institutions,,,North America,Facility/Infrastructure Attack,,,Incendiary,,,
201207010032,2012-07-01,"Canada","Montreal","Unknown",0,,,,,0,0,Journalists & Media,,,North America,Facility/Infrastructure Attack,,,Incendiary,,,
201206230010,2012-06-22,"Mexico","Ciudad Victoria","Unknown",0,,,,,2,0,Private Citizens & Property,,,North America,Armed Assault,,,Melee,,,
201206180029,2012-06-18,"United States","Plano","Sovereign Citizen",0,,,,,0,1,Utilities,,,North America,Bombing/Explosion,,,Explosives/Bombs/Dynamite,,,
201206130041,2012-06-13,"Mexico","Xalapa","Zetas",0,,,,,1,0,Journalists & Media,,,North America,Hostage Taking (Kidnapping),,,Firearms,,,
201206020022,2012-06-02,"Mexico","Matamoros","Unknown",0,,,,,0,0,Journalists & Media,,,North America,Bombing/Explosion,,,Explosives/Bombs/Dynamite,,,
201205310031,2012-05-31,"Mexico","Unknown","Knights Templar (Caballeros Templarios)",0,,,,,0,1,Business,,,North America,Facility/Infrastructure Attack,,,Incendiary,,,
201205230034,2012-05-23,"United States","Marietta","Unknown",0,,,,,0,0,Abortion Related,,,North America,Facility/Infrastructure Attack,,,Incendiary,,,
201205200025,2012-05-20,"United States","Axton","White extremists",0,,,,,0,0,Religious Figures/Institutions,,,North America,Facility/Infrastructure Attack,,,Incendiary,,,
201205200024,2012-05-20,"United States","Lilburn","Unknown",0,,,,,0,0,Abortion Related,,,North America,Facility/Infrastructure Attack,,,Incendiary,,,
201205180007,2012-05-03,"Mexico","Veracruz","Unknown",0,,,,,4,0,Journalists & Media,,,North America,Hostage Taking (Kidnapping),,,Firearms,,,
201205170018,2012-05-17,"Mexico","Ciudad Obregon","Unknown",0,,,,,1,0,Journalists & Media,,,North America,Hostage Taking (Kidnapping),,,Firearms,,,
201205120013,2012-05-12,"Mexico","Cuernavaca","Unknown",0,,,,,1,0,Journalists & Media,,,North America,Hostage Taking (Kidnapping),,,Firearms,,,
201205110014,2012-05-11,"Mexico","Nuevo Laredo","Unknown",0,,,,,0,0,Journalists & Media,,,North America,Armed Assault,,,Explosives/Bombs/Dynamite,Firearms,,
201205100017,2012-05-10,"Mexico","Hermosillo","Unknown",0,,,,,0,1,Journalists & Media,,,North America,Unarmed Assault,,,Melee,,,
201205100003,2012-05-10,"Canada","Montreal","Force Etudiante Critique",0,,,,,0,0,Transportation,,,North America,Unarmed Assault,,,Other,,,
201204240017,2012-04-24,"Mexico","Nuevo Laredo","Unknown",0,,,,,0,0,Military,,,North America,Armed Assault,,,Firearms,,,
201204240016,2012-04-24,"Mexico","Nuevo Laredo","Unknown",0,,,,,0,1,Police,,,North America,Bombing/Explosion,,,Explosives/Bombs/Dynamite,,,
201204010018,2012-04-01,"United States","Grand Chute","Anti-Abortion extremists",0,,,,,0,0,Abortion Related,,,North America,Facility/Infrastructure Attack,,,Incendiary,,,
201203250016,2012-03-25,"Mexico","Matamoros","Unknown",0,,,,,0,0,Journalists & Media,,,North America,Bombing/Explosion,,,Explosives/Bombs/Dynamite,,,
201203190012,2012-03-19,"Mexico","Ciudad Victoria","Zetas",0,,,,,0,5,Journalists & Media,Private Citizens & Property,,North America,Bombing/Explosion,,,Explosives/Bombs/Dynamite,,,
201203180003,2012-03-18,"Mexico","Unknown","Unknown",0,,,,,7,0,Military,,,North America,Armed Assault,,,Firearms,,,
201201110038,2012-01-11,"United States","Rutherford","Anti-Semitic extremists",0,,,,,0,1,Religious Figures/Institutions,,,North America,Facility/Infrastructure Attack,,,Incendiary,,,
201201060023,2012-01-06,"Mexico","Cadereyta Jimenez","Unknown",0,,,,,1,0,Journalists & Media,,,North America,Assassination,,,Firearms,,,
201201030052,2012-01-03,"United States","Paramus","Anti-Semitic extremists",0,,,,,0,0,Religious Figures/Institutions,,,North America,Facility/Infrastructure Attack,,,Incendiary,,,
201201030022,2012-01-01,"United States","New York City","Anti-Muslim extremists",0,,,,,0,0,Business,,,North America,Facility/Infrastructure Attack,,,Incendiary,,,
201201030021,2012-01-01,"United States","New York City","Anti-Muslim extremists",0,,,,,0,0,Private Citizens & Property,,,North America,Facility/Infrastructure Attack,,,Incendiary,,,
201201030020,2012-01-01,"United States","New York City","Anti-Muslim extremists",0,,,,,0,0,Religious Figures/Institutions,,,North America,Facility/Infrastructure Attack,,,Incendiary,,,
201201030019,2012-01-01,"United States","New York City","Anti-Muslim extremists",0,,,,,0,0,Religious Figures/Institutions,,,North America,Facility/Infrastructure Attack,,,Incendiary,,,
201201010020,2012-01-01,"United States","Pensacola","Anti-Abortion extremists",0,,,,,0,0,Abortion Related,,,North America,Facility/Infrastructure Attack,,,Incendiary,,,
201112070034,2011-12-07,"Mexico","Pachuca","Individuals Tending Toward Savagery",1,,,,,0,1,Educational Institution,,,North America,Bombing/Explosion,,,Explosives/Bombs/Dynamite,,,
201111110020,2011-11-11,"United States","Washington","Anti-Government extremists",0,,,,,0,0,Government (General),,,North America,Armed Assault,,,Firearms,,,
201110120003,2011-10-12,"United States","Gifford","Unknown",0,,,,,0,Unknown,Business,,,North America,Hostage Taking (Kidnapping),,,Sabotage Equipment,,,
201109260012,2011-09-26,"United States","Caldwell","Animal Liberation Front (ALF)",0,,,,,0,0,Business,,,North America,Facility/Infrastructure Attack,,,Incendiary,,,
201106290013,2011-06-29,"Mexico","Tultitlan","Earth Liberation Front (ELF)",0,,,,,0,0,Business,,,North America,Bombing/Explosion,,,Explosives/Bombs/Dynamite,,,
201105060004,2011-05-06,"United States","Chester","Unknown",0,,,,,0,0,Transportation,Transportation,,North America,Bombing/Explosion,,,Explosives/Bombs/Dynamite,,,
201104230010,2011-04-23,"United States","Stockton","Unknown",0,,,,,0,0,Religious Figures/Institutions,,,North America,Facility/Infrastructure Attack,,,Incendiary,,,
201102220009,2011-02-22,"United States","Grand Rapids","Unknown",0,,,,,0,0,Private Citizens & Property,,,North America,Facility/Infrastructure Attack,,,Incendiary,,,
201101170018,2011-01-17,"United States","Spokane","Unknown",0,,,,,0,0,Private Citizens & Property,,,North America,Bombing/Explosion,,,Explosives/Bombs/Dynamite,,,
201101070001,2011-01-07,"United States","Washington","Unknown",0,,,,,0,0,Government (General),,,North America,Bombing/Explosion,,,Explosives/Bombs/Dynamite,,,
201101060019,2011-01-06,"United States","Hanover","Unknown",0,,,,,0,1,Government (General),,,North America,Armed Assault,,,Incendiary,,,
201101060018,2011-01-06,"United States","Annapolis","Unknown",0,,,,,0,1,Government (General),,,North America,Armed Assault,,,Incendiary,,,
201012070019,2010-12-07,"Mexico","Mexico City","Earth Liberation Front (ELF)",1,,,,,0,0,Business,,,North America,Bombing/Explosion,,,Explosives/Bombs/Dynamite,,,
201011160004,2010-11-16,"United States","Los Angeles","The Justice Department",0,,,,,0,0,Educational Institution,,,North America,Unarmed Assault,,,Biological,,,
201011070008,2010-11-07,"Mexico","Guadalajara","Animal Liberation Front (ALF)",0,,,,,0,0,Government (General),,,North America,Bombing/Explosion,,,Explosives/Bombs/Dynamite,,,
201011000001,2010-11-00,"United States","Woodbridge","Jihadi-inspired extremists",0,,,,,0,0,Military,,,North America,Facility/Infrastructure Attack,,,Firearms,,,
201010250026,2010-10-25,"United States","Chantilly","Jihadi-inspired extremists",0,,,,,0,0,Military,,,North America,Facility/Infrastructure Attack,,,Firearms,,,
201010190014,2010-10-19,"United States","Arlington","Jihadi-inspired extremists",0,,,,,0,0,Government (General),,,North America,Facility/Infrastructure Attack,,,Firearms,,,
201010000002,2010-10-00,"United States","Triangle","Jihadi-inspired extremists",0,,,,,0,0,NGO,,,North America,Facility/Infrastructure Attack,,,Firearms,,,
201010000001,2010-10-00,"United States","Triangle","Jihadi-inspired extremists",0,,,,,0,0,NGO,,,North America,Facility/Infrastructure Attack,,,Firearms,,,
201009010022,2010-09-01,"United States","Silver Spring","Unknown",0,,,,,1,0,Journalists & Media,,,North America,Hostage Taking (Barricade Incident),,,Explosives/Bombs/Dynamite,Fake Weapons,,
201008100001,2010-08-10,"Canada","Edmonton","Unknown",0,,,,,0,0,Unknown,,,North America,Bombing/Explosion,,,Explosives/Bombs/Dynamite,,,
201007270013,2010-07-27,"United States","Astoria","Animal Liberation Front (ALF)",0,,,,,0,0,Business,,,North America,Facility/Infrastructure Attack,,,Incendiary,,,
201007070017,2010-07-07,"United States","Sandy","Animal Liberation Front (ALF)",0,,,,,0,0,Business,,,North America,Facility/Infrastructure Attack,,,Incendiary,,,
201006050014,2010-06-05,"United States","Salt Lake City","Animal Liberation Front (ALF)",0,,,,,0,0,Business,,,North America,Facility/Infrastructure Attack,,,Incendiary,,,
201005230003,2010-05-23,"Mexico","Guadalajara","Animal Liberation Front (ALF)",0,,,,,0,0,Business,,,North America,Bombing/Explosion,,,Explosives/Bombs/Dynamite,,,
201005180016,2010-05-18,"Canada","Ottawa","Fighting For Freedom Coalition (FFFC-Ottawa)",0,,,,,0,0,Business,,,North America,Bombing/Explosion,,,Explosives/Bombs/Dynamite,,,
201005120016,2010-05-12,"Mexico","Leon","Animal Liberation Front (ALF)",0,,,,,0,0,Business,,,North America,Bombing/Explosion,,,Fake Weapons,,,
201005100042,2010-05-10,"United States","Jacksonville","Unknown",0,,,,,0,0,Religious Figures/Institutions,,,North America,Bombing/Explosion,,,Explosives/Bombs/Dynamite,,,
201005010001,2010-05-01,"United States","New York City","Tehrik-i-Taliban Pakistan (TTP)",0,,,,,0,0,Private Citizens & Property,,,North America,Bombing/Explosion,,,Explosives/Bombs/Dynamite,,,
201004300006,2010-04-30,"United States","Denver","Animal Liberation Front (ALF)",0,,,,,0,0,Business,,,North America,Facility/Infrastructure Attack,,,Incendiary,,,
201003230023,2010-03-23,"Mexico","Mitzit√≥n","Zapatista National Liberation Army",1,,,,,0,0,Private Citizens & Property,,,North America,Hostage Taking (Kidnapping),Facility/Infrastructure Attack,,Unknown,,,
201003040016,2010-03-04,"United States","Arlington","Anti-Government extremists",1,,,,,1,2,Government (General),,,North America,Armed Assault,,,Firearms,,,
201002250007,2010-02-25,"United States","New York City","Unknown",0,,,,,0,0,Transportation,,,North America,Bombing/Explosion,,,Explosives/Bombs/Dynamite,,,
201002180013,2010-02-18,"United States","Austin","Anti-Government extremists",0,,,,,2,15,Government (General),,,North America,Facility/Infrastructure Attack,,,Vehicle (not to include vehicle-borne explosives, i.e., car or truck bombs),,,
201002170017,2010-02-17,"United States","Clearwater","Unknown",0,,,,,0,0,Business,,,North America,Facility/Infrastructure Attack,,,Chemical,,,
200912250024,2009-12-25,"United States","Detroit","Al-Qaida in the Arabian Peninsula (AQAP)",0,,,,,0,2,Airports and Aircraft,,,North America,Bombing/Explosion,,,Explosives/Bombs/Dynamite,,,
200911060002,2009-11-05,"United States","Killeen","Jihadi-inspired extremists",0,,,,,13,32,Military,,,North America,Armed Assault,,,Firearms,,,
200909040003,2009-09-04,"United States","Everett","Earth Liberation Front (ELF)",0,,,,,0,0,Telecommunication,,,North America,Facility/Infrastructure Attack,,,Sabotage Equipment,,,
200908240016,2009-08-24,"United States","San Mateo","Unknown",0,,,,,0,0,Educational Institution,,,North America,Bombing/Explosion,,,Explosives/Bombs/Dynamite,Melee,,
200907040008,2009-07-04,"Canada","Dawson Creek","Unknown",0,,,,,0,0,Utilities,,,North America,Bombing/Explosion,,,Explosives/Bombs/Dynamite,,,
200907030004,2009-07-03,"United States","Huntington Beach","Unknown",0,,,,,0,5,Private Citizens & Property,,,North America,Armed Assault,,,Melee,Melee,,
200907010004,2009-07-01,"Canada","Pouce Coupe","Unknown",0,,,,,0,0,Utilities,,,North America,Bombing/Explosion,,,Explosives/Bombs/Dynamite,,,
200906250012,2009-06-25,"Mexico","Benito Juarez","Unknown",0,,,,,2,3,Government (General),,,North America,Assassination,,,Firearms,,,
200906100003,2009-06-10,"United States","Washington","Anti-Semitic extremists",1,,,,,1,Unknown,Business,,,North America,Armed Assault,,,Firearms,,,
200906010028,2009-06-01,"United States","Little Rock","Jihadi-inspired extremists",0,,,,,1,1,Military,,,North America,Armed Assault,,,Firearms,,,
200905310017,2009-05-31,"United States","Wichita","Anti-Abortion extremists",0,,,,,1,0,Abortion Related,,,North America,Armed Assault,,,Firearms,,,
200905300002,2009-05-30,"United States","Arivaca","Minutemen American Defense",0,,,,,2,1,Private Citizens & Property,,,North America,Armed Assault,,,Firearms,,,
200903070010,2009-03-07,"United States","Los Angeles","Animal Liberation Front (ALF)",0,,,,,0,0,Educational Institution,,,North America,Facility/Infrastructure Attack,,,Incendiary,,,
200901100020,2009-01-10,"Canada","Edmonton","Unknown",0,,,,,0,0,Private Citizens & Property,,,North America,Facility/Infrastructure Attack,,,Incendiary,,,
200901040012,2009-01-04,"Canada","Tomslake","Unknown",0,,,,,0,0,Utilities,,,North America,Bombing/Explosion,,,Explosives/Bombs/Dynamite,,,
200811140015,2008-11-14,"United States","Hemet","Neo-Nazi extremists",0,,,,,0,1,Unknown,,,North America,Unarmed Assault,,,Melee,,,
200811050008,2008-11-05,"United States","Springfield","Unknown",0,,,,,0,2,Religious Figures/Institutions,,,North America,Facility/Infrastructure Attack,,,Incendiary,,,
200810310015,2008-10-31,"Canada","Tomslake","Unknown",0,,,,,0,0,Utilities,,,North America,Bombing/Explosion,,,Explosives/Bombs/Dynamite,,,
200810160007,2008-10-16,"Canada","Tomslake","Unknown",0,,,,,0,0,Utilities,,,North America,Bombing/Explosion,,,Explosives/Bombs/Dynamite,,,
200810110014,2008-10-11,"Mexico","Monterrey","Unknown",0,,,,,0,0,Government (Diplomatic),,,North America,Bombing/Explosion,,,Explosives/Bombs/Dynamite,,,
200810110010,2008-10-11,"Canada","Tomslake","Unknown",0,,,,,0,0,Utilities,,,North America,Bombing/Explosion,,,Explosives/Bombs/Dynamite,,,
200809150001,2008-09-15,"Mexico","Morelia","Gulf Cartel",0,,,,,8,101,Private Citizens & Property,Police,Private Citizens & Property,North America,Bombing/Explosion,,,Explosives/Bombs/Dynamite,Explosives/Bombs/Dynamite,,
200808080009,2008-08-08,"Canada","Calgary","Unknown",0,,,,,0,1,Private Citizens & Property,,,North America,Unarmed Assault,,,Melee,,,
200808050018,2008-08-05,"Mexico","Ciudad Juarez","Unknown",0,,,,,1,0,Police,,,North America,Armed Assault,,,Firearms,,,
200808050016,2008-08-05,"Mexico","Ciudad Juan Aldama","Unknown",0,,,,,2,0,Police,,,North America,Unknown,,,Unknown,,,
200808020036,2008-08-02,"United States","Santa Cruz","Animal Liberation Front (ALF)",0,,,,,0,1,Educational Institution,,,North America,Facility/Infrastructure Attack,,,Incendiary,,,
200808020023,2008-08-02,"United States","Santa Cruz","Animal Liberation Front (ALF)",0,,,,,0,1,Educational Institution,,,North America,Facility/Infrastructure Attack,,,Incendiary,,,
200807270001,2008-07-27,"United States","Knoxville","Anti-Liberal extremists",0,,,,,2,7,Religious Figures/Institutions,,,North America,Armed Assault,,,Firearms,,,
200807250030,2008-07-25,"United States","La Jolla","Unknown",0,,,,,0,1,Tourists,,,North America,Armed Assault,,,Melee,,,
200807140010,2008-07-14,"Mexico","Saltillo","Juarez Cartel (Carrillo-Fuentes / Mexico)",0,,,,,0,0,Police,,,North America,Hostage Taking (Kidnapping),,,Firearms,,,
200806140008,2008-06-14,"United States","Deming","Unknown",0,,,,,0,0,Police,,,North America,Unarmed Assault,,,Other,,,
200805260017,2008-05-26,"United States","Medford","White extremists",0,,,,,0,0,Private Citizens & Property,,,North America,Facility/Infrastructure Attack,,,Incendiary,Explosives/Bombs/Dynamite,,
200805220002,2008-05-22,"Canada","Edmonton","Unknown",0,,,,,0,8,Business,Business,,North America,Armed Assault,Facility/Infrastructure Attack,,Melee,Melee,Melee,
200804250010,2008-04-25,"United States","San Diego","Unknown",0,,,,,0,0,Business,,,North America,Bombing/Explosion,,,Explosives/Bombs/Dynamite,,,
200804220011,2008-04-22,"United States","Miami Beach","Unknown",0,,,,,0,0,Religious Figures/Institutions,,,North America,Facility/Infrastructure Attack,,,Incendiary,,,
200804070006,2008-04-07,"United States","Kansas City","Unknown",0,,,,,0,0,Transportation,,,North America,Facility/Infrastructure Attack,,,Incendiary,,,
200804070005,2008-04-07,"United States","Kansas City","Unknown",0,,,,,0,0,Utilities,,,North America,Facility/Infrastructure Attack,,,Incendiary,,,
200803060004,2008-03-06,"United States","New York City","Unknown",0,,,,,0,0,Military,,,North America,Bombing/Explosion,,,Explosives/Bombs/Dynamite,,,
200803020012,2008-03-03,"United States","Woodinville","Earth Liberation Front (ELF)",0,,,,,0,0,Business,,,North America,Facility/Infrastructure Attack,,,Incendiary,,,
200802170011,2008-02-17,"United States","Eureka","Unknown",0,,,,,0,0,Abortion Related,,,North America,Facility/Infrastructure Attack,,,Incendiary,,,
200802170007,2008-02-17,"United States","Eureka","Anti-Abortion extremists",0,,,,,0,0,Abortion Related,,,North America,Facility/Infrastructure Attack,,,Incendiary,,,
200802150009,2008-02-15,"Mexico","Mexico City","Unknown",0,,,,,2,2,Government (General),Private Citizens & Property,,North America,Bombing/Explosion,,,Explosives/Bombs/Dynamite,,,
200802150002,2008-02-15,"Mexico","Mexico City","Unknown",0,,,,,1,1,Police,,,North America,Bombing/Explosion,,,Explosives/Bombs/Dynamite,,,
200802090004,2008-02-09,"United States","Columbia","Neo-Nazi extremists",0,,,,,0,0,Religious Figures/Institutions,,,North America,Facility/Infrastructure Attack,,,Incendiary,,,
200802050002,2008-02-05,"United States","Los Angeles","Animal Liberation Front (ALF)",1,,,,,0,0,Educational Institution,,,North America,Facility/Infrastructure Attack,,,Incendiary,,,
200801190007,2008-01-19,"Mexico","Tijuana","Unknown",0,,,,,7,Unknown,Unknown,,,North America,Hostage Taking (Kidnapping),Armed Assault,,Firearms,,,
200712060011,2007-12-06,"United States","Albuquerque","Anti-Abortion extremists",0,,,,,0,0,Abortion Related,,,North America,Facility/Infrastructure Attack,,,Incendiary,,,
200710260003,2007-10-26,"United States","New York City","Unknown",0,,,,,0,0,Government (Diplomatic),,,North America,Bombing/Explosion,,,Explosives/Bombs/Dynamite,,,
200710200003,2007-10-20,"United States","Los Angeles","Animal Liberation Front (ALF)",0,,,,,0,0,Educational Institution,,,North America,Facility/Infrastructure Attack,,,Sabotage Equipment,,,
200709100002,2007-09-10,"Mexico","Veracruz (State) and Tlaxcala (State)","Popular Revolutionary Army (Mexico)",0,,,,,0,0,Utilities,,,North America,Facility/Infrastructure Attack,,,Sabotage Equipment,Explosives/Bombs/Dynamite,,
200708270034,2007-08-27,"Mexico","Aguascalientes","Unknown",0,,,,,4,2,Police,,,North America,Armed Assault,,,Firearms,,,
200707140003,2007-07-14,"Mexico","Guadalupe","Unknown",0,,,,,1,3,Police,,,North America,Assassination,,,Firearms,,,
200707100001,2007-07-10,"Mexico","Unknown","Popular Revolutionary Army (Mexico)",0,,,,,0,0,Utilities,,,North America,Bombing/Explosion,,,Explosives/Bombs/Dynamite,,,
200706240004,2007-06-24,"United States","Los Angeles","Revolutionary Cells-Animal Liberation Brigade",0,,,,,0,0,Educational Institution,,,North America,Facility/Infrastructure Attack,,,Incendiary,,,
200705090002,2007-05-09,"United States","Virginia Beach","Anti-Abortion extremists",0,,,,,0,0,Abortion Related,,,North America,Facility/Infrastructure Attack,,,Incendiary,,,
200704250006,2007-04-25,"United States","Austin","Anti-Abortion extremists",1,,,,,0,0,Abortion Related,,,North America,Bombing/Explosion,,,Explosives/Bombs/Dynamite,,,
200703230002,2007-03-23,"Mexico","Monterrey","Unknown",0,,,,,1,Unknown,Police,,,North America,Armed Assault,,,Firearms,,,
200703210007,2007-03-21,"United States","Denver","Earth Liberation Front (ELF)",1,,,,,0,0,Private Citizens & Property,,,North America,Facility/Infrastructure Attack,,,Incendiary,,,
200703200003,2007-03-20,"United States","Denver","Earth Liberation Front (ELF)",1,,,,,0,0,Private Citizens & Property,,,North America,Facility/Infrastructure Attack,,,Incendiary,,,
200703180002,2007-03-18,"United States","Denver","Earth Liberation Front (ELF)",1,,,,,0,0,Private Citizens & Property,,,North America,Facility/Infrastructure Attack,,,Incendiary,,,
200703170002,2007-03-17,"Mexico","Monterrey","Unknown",0,,,,,10,Unknown,Police,Private Citizens & Property,,North America,Armed Assault,,,Firearms,,,
200702190004,2007-02-19,"Mexico","Nuevo Laredo","Unknown",0,,,,,1,1,Government (General),,,North America,Armed Assault,,,Firearms,,,
200702060033,2007-02-06,"Mexico","Zapata","Unknown",0,,,,,3,0,Police,,,North America,Armed Assault,,,Firearms,,,
200702060025,2007-02-06,"Mexico","Acapulco","Unknown",0,,,,,4,0,Police,Private Citizens & Property,,North America,Armed Assault,,,Firearms,,,
200701230005,2007-01-23,"Mexico","Santo Domingo de Morelos","Unknown",0,,,,,1,0,Government (General),,,North America,Armed Assault,,,Firearms,,,
200611060005,2006-11-06,"Mexico","Mexico City","Unknown",0,,,,,0,0,Business,Violent Political Party,Government (General),North America,Bombing/Explosion,,,Explosives/Bombs/Dynamite,,,
200609110007,2006-09-11,"United States","Davenport","Anti-Abortion extremists",0,,,,,0,0,Business,,,North America,Facility/Infrastructure Attack,,,Vehicle (not to include vehicle-borne explosives, i.e., car or truck bombs),Incendiary,,
200608240006,2006-08-24,"Mexico","Cancun","Unknown",0,,,,,0,1,Journalists & Media,Journalists & Media,,North America,Bombing/Explosion,,,Explosives/Bombs/Dynamite,,,
200607280004,2006-07-28,"United States","Seattle","Anti-Semitic extremists",0,,,,,1,5,Business,,,North America,Armed Assault,,,Firearms,,,
200607120007,2006-07-12,"United States","Los Angeles","Animal Liberation Front (ALF)",0,,,,,0,0,Private Citizens & Property,,,North America,Bombing/Explosion,,,Explosives/Bombs/Dynamite,,,
200607020015,2006-07-02,"Mexico","Oaxaca","Unknown",0,,,,,Unknown,Unknown,Government (General),,,North America,Hostage Taking (Kidnapping),,,Unknown,,,
200606300004,2006-06-30,"United States","Los Angeles","Animal Liberation Front (ALF)",0,,,,,0,0,Educational Institution,,,North America,Bombing/Explosion,,,Incendiary,,,
200606270004,2006-06-27,"Canada","Guelph","Earth Liberation Front (ELF)",0,,,,,0,0,Private Citizens & Property,,,North America,Facility/Infrastructure Attack,,,Incendiary,,,
200604120013,2006-04-12,"Mexico","Petatl√°n","Unknown",0,,,,,1,30,Business,,,North America,Bombing/Explosion,,,Explosives/Bombs/Dynamite,,,
200604120012,2006-04-12,"Mexico","Nuevo Laredo","Unknown",0,,,,,4,3,Private Citizens & Property,,,North America,Armed Assault,,,Firearms,,,
200604070020,2006-04-07,"Mexico","Nuevo Laredo","Unknown",0,,,,,1,0,Private Citizens & Property,,,North America,Armed Assault,,,Firearms,,,
200604070019,2006-04-07,"Mexico","Nuevo Laredo","Unknown",0,,,,,1,0,Private Citizens & Property,,,North America,Armed Assault,,,Firearms,,,
200603030013,2006-03-03,"United States","Chapel Hill","Muslim extremists",0,,,,,0,9,Private Citizens & Property,,,North America,Unarmed Assault,,,Vehicle (not to include vehicle-borne explosives, i.e., car or truck bombs),,,
200601300006,2006-01-30,"Canada","Guelph","Earth Liberation Front (ELF)",0,,,,,0,0,Private Citizens & Property,,,North America,Facility/Infrastructure Attack,,,Incendiary,,,
200601170007,2006-01-17,"United States","Camano","Earth Liberation Front (ELF)",0,,,,,0,0,Private Citizens & Property,,,North America,Facility/Infrastructure Attack,,,Incendiary,,,
200512200004,2005-12-20,"United States","Cincinnati","Unknown",0,,,,,0,0,Religious Figures/Institutions,,,North America,Bombing/Explosion,,,Explosives/Bombs/Dynamite,,,
200511290004,2005-11-29,"United States","San Diego","Earth Liberation Front (ELF)",0,,,,,0,0,Business,,,North America,Bombing/Explosion,,,Incendiary,,,
200511290003,2005-11-29,"United States","San Diego","Earth Liberation Front (ELF)",0,,,,,0,0,Business,,,North America,Bombing/Explosion,,,Incendiary,,,
200511200004,2005-11-20,"United States","Hagerstown","Earth Liberation Front (ELF)",0,,,,,0,0,Private Citizens & Property,,,North America,Bombing/Explosion,,,Incendiary,,,
200509000001,2005-09-00,"United States","Los Angeles","Animal Liberation Front (ALF)",0,,,,,0,0,Government (General),,,North America,Facility/Infrastructure Attack,,,Incendiary,,,
200507080006,2005-07-08,"United States","Berlin","Unknown",0,,,,,0,0,Business,,,North America,Facility/Infrastructure Attack,,,Incendiary,,,
200507060016,2005-07-06,"Mexico","Acapulco","Unknown",0,,,,,2,0,Government (General),,,North America,Assassination,,,Firearms,,,
200507040009,2005-07-04,"United States","West Palm Beach","Anti-Abortion extremists",0,,,,,0,0,Abortion Related,,,North America,Facility/Infrastructure Attack,,,Incendiary,,,
200505050002,2005-05-05,"United States","New York City","Unknown",0,,,,,0,0,Government (Diplomatic),Private Citizens & Property,,North America,Bombing/Explosion,,,Explosives/Bombs/Dynamite,,,
200504130010,2005-04-13,"United States","Sammamish","Earth Liberation Front (ELF)",1,,,,,0,0,Private Citizens & Property,,,North America,Facility/Infrastructure Attack,,,Incendiary,,,
200504130009,2005-04-13,"United States","Sammamish","Earth Liberation Front (ELF)",1,,,,,0,0,Private Citizens & Property,,,North America,Facility/Infrastructure Attack,,,Incendiary,,,
200504130004,2005-04-13,"United States","New Bedford","Unknown",0,,,,,0,0,Educational Institution,,,North America,Bombing/Explosion,,,Explosives/Bombs/Dynamite,,,
200503300004,2005-03-30,"United States","Bloomington","Anti-Abortion extremists",0,,,,,0,0,Abortion Related,,,North America,Facility/Infrastructure Attack,,,Incendiary,Firearms,,
200503190014,2005-03-19,"United States","Bloomington","Anti-Abortion extremists",0,,,,,0,0,Abortion Related,,,North America,Facility/Infrastructure Attack,,,Incendiary,,,
200503140003,2005-03-14,"United States","Arlington","Unknown",0,,,,,0,0,Government (General),Private Citizens & Property,,North America,Unarmed Assault,,,Biological,,,
200502170002,2005-02-17,"United States","Albuquerque","Unknown",0,,,,,0,0,Private Citizens & Property,,,North America,Facility/Infrastructure Attack,,,Incendiary,,,
200502150001,2005-02-15,"United States","Auburn","Unknown",0,,,,,0,0,Government (General),,,North America,Bombing/Explosion,,,Explosives/Bombs/Dynamite,,,
200502130002,2005-02-13,"United States","Auburn","Unknown",0,,,,,0,0,Government (General),,,North America,Bombing/Explosion,,,Explosives/Bombs/Dynamite,,,
200502070008,2005-02-07,"United States","Sutter Creek","Earth Liberation Front (ELF)",0,,,,,0,0,Private Citizens & Property,Private Citizens & Property,,North America,Bombing/Explosion,,,Incendiary,,,
200501120006,2005-01-12,"United States","Auburn","Earth Liberation Front (ELF)",0,,,,,0,0,Business,,,North America,Facility/Infrastructure Attack,,,Incendiary,,,
200501010007,2005-01-01,"United States","Berlin","Unknown",0,,,,,0,0,Business,Business,,North America,Facility/Infrastructure Attack,,,Incendiary,,,
200412270004,2004-12-27,"United States","Lincoln","Earth Liberation Front (ELF)",0,,,,,0,0,Business,,,North America,Facility/Infrastructure Attack,,,Incendiary,,,
200412090005,2004-12-09,"United States","Indian Head","Unknown",0,,,,,0,0,Private Citizens & Property,,,North America,Facility/Infrastructure Attack,,,Incendiary,,,
200411000001,2004-11-00,"Canada","Unknown","Initiative de Resistance Internationaliste",0,,,,,0,0,Utilities,,,North America,Bombing/Explosion,,,Explosives/Bombs/Dynamite,,,
200407080004,2004-07-08,"United States","Provo","Animal Liberation Front (ALF)",0,,,,,0,0,Educational Institution,,,North America,Facility/Infrastructure Attack,,,Incendiary,,,
200407020005,2004-07-02,"United States","Lake Worth","Anti-Abortion extremists",0,,,,,0,0,Abortion Related,,,North America,Facility/Infrastructure Attack,,,Incendiary,,,
200406140004,2004-06-14,"United States","West Jordan","Earth Liberation Front (ELF)",0,,,,,0,0,Business,,,North America,Facility/Infrastructure Attack,,,Incendiary,,,
200404200008,2004-04-20,"United States","Snohomish","Earth Liberation Front (ELF)",0,,,,,0,0,Private Citizens & Property,Business,,North America,Facility/Infrastructure Attack,,,Incendiary,,,
200404050004,2004-04-05,"Canada","Montreal","Hamas (Islamic Resistance Movement)",1,,,,,0,0,Educational Institution,,,North America,Facility/Infrastructure Attack,,,Incendiary,,,
200404010004,2004-04-01,"United States","Oklahoma City","White extremists",0,,,,,0,0,Religious Figures/Institutions,,,North America,Facility/Infrastructure Attack,,,Incendiary,,,
200403180001,2004-03-18,"Mexico","Oaxaca","Unknown",0,,,,,0,3,Government (General),,,North America,Assassination,,,Firearms,Firearms,,
200402070001,2004-02-07,"United States","Charlottesville","Earth Liberation Front (ELF)",0,,,,,0,0,Business,,,North America,Facility/Infrastructure Attack,,,Incendiary,Sabotage Equipment,,
200402020010,2004-02-02,"United States","Washington","Unknown",0,,,,,0,0,Government (General),,,North America,Facility/Infrastructure Attack,,,Biological,,,
200311180007,2003-11-18,"United States","Terre Haute","White extremists",0,,,,,0,0,Business,,,North America,Facility/Infrastructure Attack,,,Incendiary,,,
200311120005,2003-11-12,"United States","Washington","Unknown",0,,,,,0,0,Government (General),,,North America,Unarmed Assault,,,Biological,,,
200310250002,2003-10-25,"United States","Forest Lake","Unknown",0,,,,,0,0,Private Citizens & Property,,,North America,Facility/Infrastructure Attack,,,Incendiary,,,
200310150003,2003-10-15,"United States","Greenville","Unknown",0,,,,,0,0,Government (General),,,North America,Unarmed Assault,,,Biological,,,
200309290004,2003-09-19,"United States","San Diego","Earth Liberation Front (ELF)",0,,,,,0,0,Business,,,North America,Facility/Infrastructure Attack,,,Incendiary,,,
200309290003,2003-09-19,"United States","San Diego","Earth Liberation Front (ELF)",0,,,,,0,0,Business,,,North America,Facility/Infrastructure Attack,,,Incendiary,,,
200309260005,2003-09-26,"United States","Pleasanton","Revolutionary Cells-Animal Liberation Brigade",0,,,,,0,0,Business,,,North America,Bombing/Explosion,,,Explosives/Bombs/Dynamite,,,
200309240007,2003-09-24,"United States","Pullman","Unknown",0,,,,,0,0,Educational Institution,,,North America,Facility/Infrastructure Attack,,,Incendiary,,,
200309220003,2003-09-22,"United States","Martiny","Earth Liberation Front (ELF)",0,,,,,0,0,Business,,,North America,Facility/Infrastructure Attack,,,Incendiary,,,
200309060004,2003-09-06,"United States","Indianapolis","Anti-Abortion extremists",0,,,,,0,0,Abortion Related,,,North America,Facility/Infrastructure Attack,,,Incendiary,,,
200308280001,2003-08-28,"United States","Emeryville","Animal Liberation Front (ALF)",0,,,,,0,0,Business,,,North America,Bombing/Explosion,,,Explosives/Bombs/Dynamite,,,
200308220001,2003-08-22,"United States","West Covina","Earth Liberation Front (ELF)",0,,,,,0,0,Business,,,North America,Facility/Infrastructure Attack,,,Incendiary,Melee,,
200308010002,2003-08-01,"United States","San Diego","Earth Liberation Front (ELF)",0,,,,,0,0,Private Citizens & Property,,,North America,Facility/Infrastructure Attack,,,Incendiary,,,
200306050002,2003-06-05,"United States","Chico","Earth Liberation Front (ELF)",1,,,,,0,0,Business,,,North America,Facility/Infrastructure Attack,,,Incendiary,,,
200306030003,2003-06-03,"United States","Chico","Earth Liberation Front (ELF)",1,,,,,0,0,Business,,,North America,Facility/Infrastructure Attack,,,Incendiary,,,
200306010004,2003-06-01,"United States","Washington","Earth Liberation Front (ELF)",1,,,,,0,0,Private Citizens & Property,,,North America,Facility/Infrastructure Attack,,,Incendiary,,,
200305250005,2003-05-25,"United States","Tamarac","Anti-Abortion extremists",0,,,,,0,0,Abortion Related,,,North America,Facility/Infrastructure Attack,,,Incendiary,,,
200305040005,2003-05-04,"United States","Chico","Unknown",0,,,,,0,0,Business,,,North America,Facility/Infrastructure Attack,,,Incendiary,,,
200304140008,2003-04-04,"United States","Chicago","Animal Liberation Front (ALF)",0,,,,,0,0,Business,,,North America,Facility/Infrastructure Attack,,,Incendiary,,,
200303310004,2003-03-31,"United States","Edgemont","Muslim extremists",0,,,,,0,0,Military,,,North America,Facility/Infrastructure Attack,,,Vehicle (not to include vehicle-borne explosives, i.e., car or truck bombs),,,
200303290006,2003-03-29,"United States","Montgomery","Earth Liberation Front (ELF)",0,,,,,0,0,Military,,,North America,Facility/Infrastructure Attack,,,Incendiary,,,
200303220010,2003-03-22,"United States","Petaluma","Animal Liberation Front (ALF)",0,,,,,0,0,Business,,,North America,Facility/Infrastructure Attack,,,Incendiary,,,
200303210009,2003-03-21,"United States","Ann Arbor","Earth Liberation Front (ELF)",0,,,,,0,0,Business,,,North America,Facility/Infrastructure Attack,,,Incendiary,,,
200303210008,2003-03-21,"United States","Ann Arbor","Earth Liberation Front (ELF)",0,,,,,0,0,Business,,,North America,Facility/Infrastructure Attack,,,Incendiary,,,
200303170005,2003-03-17,"United States","Washington","Unknown",0,,,,,0,0,Government (General),,,North America,Bombing/Explosion,Facility/Infrastructure Attack,,Fake Weapons,,,
200303110012,2003-03-11,"United States","Albuquerque","Animal Liberation Front (ALF)",1,,,,,0,0,Business,,,North America,Bombing/Explosion,,,Incendiary,,,
200303110011,2003-03-11,"United States","Albuquerque","Animal Liberation Front (ALF)",1,,,,,0,0,Business,,,North America,Bombing/Explosion,,,Incendiary,,,
200303110010,2003-03-11,"United States","Albuquerque","Animal Liberation Front (ALF)",1,,,,,0,0,Business,,,North America,Bombing/Explosion,,,Incendiary,,,
200303100006,2003-03-10,"United States","Chico","Animal Liberation Front (ALF)",0,,,,,0,0,Business,,,North America,Facility/Infrastructure Attack,,,Incendiary,,,
200303030004,2003-03-03,"United States","Chico","Animal Liberation Front (ALF)",0,,,,,0,0,Business,,,North America,Facility/Infrastructure Attack,,,Incendiary,,,
200301200008,2003-01-20,"United States","Seattle","Earth Liberation Front (ELF)",0,,,,,0,0,Business,,,North America,Facility/Infrastructure Attack,,,Incendiary,,,
200301070006,2003-01-07,"Mexico","Chinameca","Unknown",0,,,,,2,1,Government (General),,,North America,Armed Assault,,,Firearms,,,
200301010016,2003-01-01,"United States","Girard","Earth Liberation Front (ELF)",0,,,,,0,0,Business,,,North America,Facility/Infrastructure Attack,,,Incendiary,,,
200211260005,2002-11-26,"United States","Erie","Earth Liberation Front (ELF)",0,,,,,0,0,Business,,,North America,Facility/Infrastructure Attack,,,Incendiary,,,
200210030002,2002-10-03,"United States","New York City","Anti-Kim Jong-il extremists",0,,,,,0,0,Government (Diplomatic),,,North America,Armed Assault,,,Firearms,,,
200209210002,2002-09-21,"United States","Richmond","Earth Liberation Front (ELF)",0,,,,,0,0,Business,,,North America,Facility/Infrastructure Attack,,,Incendiary,,,
200209020005,2002-09-02,"United States","Plymouth","Earth Liberation Front (ELF)",1,,,,,0,0,Private Citizens & Property,,,North America,Facility/Infrastructure Attack,,,Incendiary,,,
200208180001,2002-08-18,"United States","Ann Arbor","Earth Liberation Front (ELF)",1,,,,,0,0,Private Citizens & Property,,,North America,Facility/Infrastructure Attack,,,Incendiary,,,
200208110011,2002-08-11,"United States","Irvine","Earth Liberation Front (ELF)",0,,,,,0,0,Government (General),,,North America,Facility/Infrastructure Attack,,,Incendiary,,,
200207100001,2002-07-10,"United States","Seattle","Animal Liberation Front (ALF)",1,,,,,0,0,Private Citizens & Property,,,North America,Bombing/Explosion,,,Explosives/Bombs/Dynamite,,,
200206030003,2002-06-03,"United States","Miami","Unknown",0,,,,,0,0,Terrorists/Non-state Militia,,,North America,Facility/Infrastructure Attack,,,Incendiary,,,
200206030002,2002-06-03,"United States","Miami","Unknown",0,,,,,0,0,NGO,,,North America,Facility/Infrastructure Attack,,,Incendiary,,,
200205130001,2002-05-13,"United States","Philadelphia","Jihadi-inspired extremists",0,,,,,0,0,Private Citizens & Property,Government (General),,North America,Bombing/Explosion,,,Explosives/Bombs/Dynamite,,,
200205070002,2002-05-07,"United States","Amarillo","Anti-Government extremists",0,,,,,0,0,Private Citizens & Property,Government (General),,North America,Bombing/Explosion,,,Explosives/Bombs/Dynamite,,,
200205060006,2002-05-06,"United States","Pueblo","Anti-Government extremists",0,,,,,0,0,Private Citizens & Property,Government (General),,North America,Bombing/Explosion,,,Explosives/Bombs/Dynamite,,,
200205060005,2002-05-06,"United States","Salida","Anti-Government extremists",0,,,,,0,0,Private Citizens & Property,Government (General),,North America,Bombing/Explosion,,,Explosives/Bombs/Dynamite,,,
200205040011,2002-05-04,"United States","Albion","Anti-Government extremists",0,,,,,0,0,Private Citizens & Property,Government (General),,North America,Bombing/Explosion,,,Explosives/Bombs/Dynamite,,,
200205040010,2002-05-04,"United States","Seward","Anti-Government extremists",0,,,,,0,0,Private Citizens & Property,Government (General),,North America,Bombing/Explosion,,,Explosives/Bombs/Dynamite,,,
200205040009,2002-05-04,"United States","Ohiowa","Anti-Government extremists",0,,,,,0,0,Private Citizens & Property,Government (General),,North America,Bombing/Explosion,,,Explosives/Bombs/Dynamite,,,
200205040008,2002-05-04,"United States","Davenport","Anti-Government extremists",0,,,,,0,0,Private Citizens & Property,Government (General),,North America,Bombing/Explosion,,,Explosives/Bombs/Dynamite,,,
200205040007,2002-05-04,"United States","Columbus","Anti-Government extremists",0,,,,,0,0,Private Citizens & Property,Government (General),,North America,Bombing/Explosion,,,Explosives/Bombs/Dynamite,,,
200205040006,2002-05-04,"United States","Cairo","Anti-Government extremists",0,,,,,0,0,Private Citizens & Property,Government (General),,North America,Bombing/Explosion,,,Explosives/Bombs/Dynamite,,,
200205040005,2002-05-04,"United States","Scotia","Anti-Government extremists",0,,,,,0,0,Private Citizens & Property,Government (General),,North America,Bombing/Explosion,,,Explosives/Bombs/Dynamite,,,
200205030015,2002-05-03,"United States","Bloomington","Animal Liberation Front (ALF)",0,,,,,0,0,Business,,,North America,Facility/Infrastructure Attack,,,Incendiary,,,
200205030014,2002-05-03,"United States","Elizabeth","Anti-Government extremists",0,,,,,0,0,Private Citizens & Property,Government (General),,North America,Bombing/Explosion,,,Explosives/Bombs/Dynamite,,,
200205030013,2002-05-03,"United States","Morrison","Anti-Government extremists",0,,,,,0,1,Private Citizens & Property,Government (General),,North America,Bombing/Explosion,,,Explosives/Bombs/Dynamite,,,
200205030012,2002-05-03,"United States","Mount Carroll","Anti-Government extremists",0,,,,,0,1,Private Citizens & Property,Government (General),,North America,Bombing/Explosion,,,Explosives/Bombs/Dynamite,,,
200205030011,2002-05-03,"United States","Eldridge","Anti-Government extremists",0,,,,,0,1,Private Citizens & Property,Government (General),,North America,Bombing/Explosion,,,Explosives/Bombs/Dynamite,,,
200205030010,2002-05-03,"United States","Bloomington","Anti-Government extremists",0,,,,,0,1,Private Citizens & Property,Government (General),,North America,Bombing/Explosion,,,Explosives/Bombs/Dynamite,,,
200205030009,2002-05-03,"United States","Anamosa","Anti-Government extremists",0,,,,,0,1,Private Citizens & Property,Government (General),,North America,Bombing/Explosion,,,Explosives/Bombs/Dynamite,,,
200205030008,2002-05-03,"United States","Farley","Anti-Government extremists",0,,,,,0,1,Private Citizens & Property,Government (General),,North America,Bombing/Explosion,,,Explosives/Bombs/Dynamite,,,
200205030007,2002-05-03,"United States","Asbury","Anti-Government extremists",0,,,,,0,1,Private Citizens & Property,Government (General),,North America,Bombing/Explosion,,,Explosives/Bombs/Dynamite,,,
200203240005,2002-03-24,"United States","Erie","Earth Liberation Front (ELF)",1,,,,,0,0,Government (General),,,North America,Facility/Infrastructure Attack,,,Incendiary,,,
200202040010,2002-07-04,"United States","Los Angeles","Anti-Israeli extremists",0,,,,,3,4,Airports and Aircraft,Private Citizens & Property,,North America,Armed Assault,,,Firearms,Melee,,
200201260004,2002-01-26,"United States","St. Paul","Earth Liberation Front (ELF)",0,,,,,0,0,Educational Institution,,,North America,Facility/Infrastructure Attack,,,Incendiary,,,
200201050007,2002-01-05,"United States","Tampa","Jihadi-inspired extremists",0,,,,,1,0,Business,,,North America,Hijacking,,,Vehicle (not to include vehicle-borne explosives, i.e., car or truck bombs),,,
200111140001,2001-11-14,"United States","Oxford","Unknown",1,,,,,1,0,Private Citizens & Property,,,North America,Unarmed Assault,,,Biological,,,
200111050006,2001-11-05,"United States","Houghton","Earth Liberation Front (ELF)",0,,,,,0,0,Educational Institution,,,North America,Facility/Infrastructure Attack,,,Incendiary,,,
200111050005,2001-11-05,"United States","Houghton","Earth Liberation Front (ELF)",0,,,,,0,0,Educational Institution,,,North America,Facility/Infrastructure Attack,,,Incendiary,,,
200110290003,2001-10-29,"United States","New York City","Unknown",1,,,,,1,0,Business,,,North America,Unarmed Assault,,,Biological,,,
200110260004,2001-10-26,"United States","Washington","Unknown",1,,,,,Unknown,Unknown,Government (General),,,North America,Unarmed Assault,,,Biological,,,
200110190002,2001-10-19,"Mexico","Mexico City","Unknown",0,,,,,1,0,NGO,,,North America,Assassination,,,Firearms,,,
200110190001,2001-10-19,"United States","New York City","Unknown",1,,,,,0,2,Journalists & Media,,,North America,Unarmed Assault,,,Biological,,,
200110180004,2001-10-18,"United States","New York City","Unknown",1,,,,,0,1,Journalists & Media,,,North America,Unarmed Assault,,,Biological,,,
200110170003,2001-10-17,"United States","New York City","Unknown",0,,,,,0,0,Government (General),,,North America,Unarmed Assault,,,Biological,,,
200110150005,2001-10-15,"United States","Litchfield","Earth Liberation Front (ELF)",0,"Animal Liberation Front (ALF)",0,,,0,0,Government (General),,,North America,Facility/Infrastructure Attack,,,Incendiary,,,
200110150004,2001-10-15,"United States","Reno","Unknown",0,,,,,0,0,Business,,,North America,Unarmed Assault,,,Biological,,,
200110150002,2001-10-15,"United States","New York City","Unknown",1,,,,,0,1,Journalists & Media,,,North America,Unarmed Assault,,,Biological,,,
200110150001,2001-10-15,"United States","Washington","Unknown",1,,,,,2,6,Government (General),,,North America,Unarmed Assault,,,Biological,,,
200110120004,2001-10-12,"United States","New York City","Unknown",1,,,,,0,6,Journalists & Media,,,North America,Unarmed Assault,,,Biological,,,
200110090004,2001-10-09,"United States","Washington","Unknown",1,,,,,2,1,Government (General),,,North America,Unarmed Assault,,,Biological,,,
200110020003,2001-10-02,"United States","Boca Raton","Unknown",1,,,,,1,5,Journalists & Media,,,North America,Unarmed Assault,,,Biological,,,
200109200006,2001-09-20,"United States","Alamogordo","Animal Liberation Front (ALF)",0,,,,,0,0,Private Citizens & Property,,,North America,Bombing/Explosion,,,Explosives/Bombs/Dynamite,Incendiary,,
200109110007,2001-09-11,"United States","Shanksville","Al-Qaida",0,,,,,44,5,Private Citizens & Property,Government (General),Airports and Aircraft,North America,Hijacking,Armed Assault,,Vehicle (not to include vehicle-borne explosives, i.e., car or truck bombs),Incendiary,Melee,
200109110006,2001-09-11,"United States","Arlington","Al-Qaida",0,,,,,189,106,Government (General),Military,Airports and Aircraft,North America,Hijacking,Armed Assault,,Vehicle (not to include vehicle-borne explosives, i.e., car or truck bombs),Incendiary,Melee,
200109110005,2001-09-11,"United States","New York City","Al-Qaida",0,,,,,1382,7365,Private Citizens & Property,Business,Airports and Aircraft,North America,Hijacking,Armed Assault,,Vehicle (not to include vehicle-borne explosives, i.e., car or truck bombs),Incendiary,Melee,
200109110004,2001-09-11,"United States","New York City","Al-Qaida",0,,,,,1383,7366,Private Citizens & Property,Business,Airports and Aircraft,North America,Hijacking,Armed Assault,,Vehicle (not to include vehicle-borne explosives, i.e., car or truck bombs),Incendiary,Melee,
200109080005,2001-09-08,"United States","Tucson","Animal Liberation Front (ALF)",0,"Earth Liberation Front (ELF)",0,,,0,0,Business,,,North America,Facility/Infrastructure Attack,,,Incendiary,,,
200109010014,2001-09-01,"Mexico","Mexico City","Unknown",0,,,,,0,0,Business,,,North America,Bombing/Explosion,,,Explosives/Bombs/Dynamite,,,
200108280002,2001-08-28,"Mexico","Mexico City","Unknown",0,,,,,0,0,Business,,,North America,Bombing/Explosion,,,Explosives/Bombs/Dynamite,,,
200108080008,2001-08-08,"United States","Vieques","Unknown",0,,,,,0,0,Military,,,North America,Bombing/Explosion,,,Incendiary,,,
200108080006,2001-08-08,"Mexico","Mexico City","Fuerzas Armadas Revolucionarias del Pueblo (FARP)",0,,,,,0,1,Business,,,North America,Bombing/Explosion,,,Explosives/Bombs/Dynamite,,,
200108080002,2001-08-08,"Mexico","Mexico City","Fuerzas Armadas Revolucionarias del Pueblo (FARP)",0,,,,,0,1,Business,,,North America,Bombing/Explosion,,,Explosives/Bombs/Dynamite,,,
200107240003,2001-07-24,"United States","Stateline","Earth Liberation Front (ELF)",1,,,,,0,0,Business,,,North America,Facility/Infrastructure Attack,,,Sabotage Equipment,,,
200107120002,2001-07-12,"United States","Arlington","Unknown",0,,,,,0,0,Business,,,North America,Facility/Infrastructure Attack,,,Incendiary,,,
200106220002,2001-06-22,"Mexico","Mexico City","Anti-United States extremists",0,,,,,0,0,Government (Diplomatic),,,North America,Armed Assault,,,Incendiary,,,
200106120002,2001-06-12,"United States","Pima County Estates","Coalition to Save the Preserves (CSP)",1,,,,,0,0,Business,,,North America,Facility/Infrastructure Attack,,,Incendiary,,,
200106110002,2001-06-11,"United States","Tacoma","Unknown",0,,,,,0,0,Abortion Related,,,North America,Bombing/Explosion,,,Explosives/Bombs/Dynamite,,,
200106010002,2001-06-01,"United States","Estacada","Earth Liberation Front (ELF)",1,"Animal Liberation Front (ALF)",1,,,0,0,Business,,,North America,Facility/Infrastructure Attack,,,Incendiary,,,
200105210007,2001-05-21,"United States","Seattle","Earth Liberation Front (ELF)",0,"Animal Liberation Front (ALF)",0,,,0,0,Educational Institution,,,North America,Facility/Infrastructure Attack,,,Incendiary,,,
200105210006,2001-05-21,"United States","Clatskanie","Earth Liberation Front (ELF)",0,"Animal Liberation Front (ALF)",0,,,0,0,Business,,,North America,Facility/Infrastructure Attack,,,Incendiary,,,
200105050003,2001-05-05,"United States","West Lake Hills","Unknown",0,,,,,0,0,Business,,,North America,Facility/Infrastructure Attack,,,Incendiary,,,
200104150002,2001-04-15,"United States","Portland","Earth Liberation Front (ELF)",0,,,,,0,0,Business,,,North America,Facility/Infrastructure Attack,,,Incendiary,,,
200104050003,2001-04-05,"United States","Arlington","Animal Liberation Front (ALF)",1,,,,,0,0,Business,,,North America,Facility/Infrastructure Attack,,,Incendiary,,,
200104040004,2001-04-04,"United States","Albertville","Earth Liberation Front (ELF)",0,,,,,0,0,Business,,,North America,Facility/Infrastructure Attack,,,Incendiary,,,
200103300002,2001-03-30,"United States","Eugene","Earth Liberation Front (ELF)",0,"Animal Liberation Front (ALF)",0,,,0,0,Business,,,North America,Facility/Infrastructure Attack,,,Incendiary,,,
200103020006,2001-03-02,"United States","New York City","Animal Liberation Front (ALF)",0,,,,,0,0,Business,,,North America,Bombing/Explosion,,,Incendiary,,,
200102200002,2001-02-20,"United States","Visalia","Earth Liberation Front (ELF)",0,,,,,0,0,Business,,,North America,Facility/Infrastructure Attack,,,Incendiary,,,
200102140010,2001-02-14,"Mexico","Limoncito de Ayala","Gunmen",0,,,,,12,3,Private Citizens & Property,,,North America,Armed Assault,,,Firearms,,,
200101280007,2001-01-28,"United States","Kalamazoo","Anti-Abortion extremists",0,,,,,0,0,Abortion Related,,,North America,Facility/Infrastructure Attack,,,Incendiary,,,
200101230010,2001-01-23,"United States","Capitola","Animal Liberation Front (ALF)",1,,,,,0,0,Government (General),,,North America,Facility/Infrastructure Attack,,,Incendiary,,,
200101180005,2001-01-18,"United States","Scottsdale","Coalition to Save the Preserves (CSP)",1,,,,,0,0,Private Citizens & Property,,,North America,Facility/Infrastructure Attack,,,Incendiary,,,
200101130001,2001-01-13,"United States","Miller Place","Earth Liberation Front (ELF)",0,,,,,0,0,Business,,,North America,Facility/Infrastructure Attack,,,Incendiary,,,
200101020004,2001-01-02,"United States","Glendale","Earth Liberation Front (ELF)",0,"Animal Liberation Front (ALF)",0,,,0,0,Business,,,North America,Facility/Infrastructure Attack,,,Incendiary,,,
200012310004,2000-12-31,"United States","Overland Park","Anti-Abortion extremists",0,,,,,0,0,Abortion Related,,,North America,Facility/Infrastructure Attack,,,Firearms,,,
200012300007,2000-12-30,"United States","Mount Sinai","Earth Liberation Front (ELF)",0,,,,,0,0,Business,,,North America,Facility/Infrastructure Attack,,,Incendiary,,,
200012200004,2000-12-20,"United States","Phoenix","Coalition to Save the Preserves (CSP)",1,,,,,0,0,Private Citizens & Property,,,North America,Facility/Infrastructure Attack,,,Incendiary,,,
200012190006,2000-12-19,"United States","Miller Place","Earth Liberation Front (ELF)",0,,,,,0,0,Business,,,North America,Facility/Infrastructure Attack,,,Incendiary,,,
200012140003,2000-12-14,"United States","Phoenix","Coalition to Save the Preserves (CSP)",1,,,,,0,0,Private Citizens & Property,,,North America,Facility/Infrastructure Attack,,,Incendiary,,,
200012140002,2000-12-14,"United States","Phoenix","Coalition to Save the Preserves (CSP)",1,,,,,0,0,Private Citizens & Property,,,North America,Facility/Infrastructure Attack,,,Incendiary,,,
200012100004,2000-12-10,"United States","Phoenix","Coalition to Save the Preserves (CSP)",1,,,,,0,0,Private Citizens & Property,,,North America,Facility/Infrastructure Attack,,,Incendiary,,,
200012090004,2000-12-09,"United States","Middle Island","Earth Liberation Front (ELF)",0,,,,,0,0,Business,,,North America,Facility/Infrastructure Attack,,,Incendiary,,,
200011270006,2000-11-27,"United States","Niwot","Earth Liberation Front (ELF)",0,,,,,0,0,Private Citizens & Property,,,North America,Facility/Infrastructure Attack,,,Incendiary,,,
200011210008,2000-11-22,"Mexico","Pachuca","Unknown",0,,,,,1,0,Private Citizens & Property,,,North America,Assassination,,,Firearms,,,
200011010007,2000-11-01,"Canada","Edmonton","Anti-Semitic extremists",0,,,,,0,0,Religious Figures/Institutions,,,North America,Facility/Infrastructure Attack,,,Incendiary,,,
200011010006,2000-11-01,"Canada","Edmonton","Unknown",0,,,,,0,0,Religious Figures/Institutions,,,North America,Facility/Infrastructure Attack,,,Incendiary,,,
200010200010,2000-10-20,"United States","Phoenix","Coalition to Save the Preserves (CSP)",1,,,,,0,0,Private Citizens & Property,,,North America,Facility/Infrastructure Attack,,,Incendiary,,,
200009190003,2000-09-19,"Canada","Kelowna","Unknown",0,,,,,0,2,Private Citizens & Property,,,North America,Bombing/Explosion,,,Explosives/Bombs/Dynamite,,,
200009090005,2000-09-09,"United States","Bloomington","Earth Liberation Front (ELF)",0,,,,,0,0,Government (General),,,North America,Facility/Infrastructure Attack,,,Incendiary,,,
200009060011,2000-09-06,"United States","Eugene","Earth Liberation Front (ELF)",0,"Animal Liberation Front (ALF)",0,,,0,0,Police,,,North America,Facility/Infrastructure Attack,,,Incendiary,,,
200008250003,2000-08-25,"Mexico","Altamirano","Villagers",0,,,,,0,0,Government (General),,,North America,Hostage Taking (Kidnapping),,,Unknown,,,
200007240003,2000-07-24,"Mexico","Cuajimalpa","Fuerzas Armadas Revolucionarias del Pueblo (FARP)",0,,,,,0,3,Police,,,North America,Armed Assault,,,Firearms,,,
200007190004,2000-07-19,"United States","Milwaukee","Unknown",0,,,,,0,0,Military,,,North America,Bombing/Explosion,,,Explosives/Bombs/Dynamite,,,
200007110002,2000-07-11,"Canada","Vancouver","Baby Liberation Army",0,,,,,0,1,Abortion Related,,,North America,Armed Assault,,,Melee,,,
200007020009,2000-07-02,"United States","North Vernon","Animal Liberation Front (ALF)",1,,,,,0,0,Business,,,North America,Facility/Infrastructure Attack,,,Incendiary,,,
200006160006,2000-06-16,"United States","Eugene","Environmentalists",0,,,,,0,0,Business,,,North America,Bombing/Explosion,,,Explosives/Bombs/Dynamite,,,
200005270009,2000-05-27,"United States","Eugene","Environmentalists",0,,,,,0,0,Business,,,North America,Facility/Infrastructure Attack,,,Incendiary,,,
200005270008,2000-05-27,"United States","Concord","Anti-Abortion extremists",0,,,,,0,0,Abortion Related,,,North America,Facility/Infrastructure Attack,,,Incendiary,,,
200005180002,2000-05-18,"Canada","Quebec","Unknown",0,,,,,0,27,Educational Institution,,,North America,Unarmed Assault,,,Chemical,,,
200005070004,2000-05-07,"United States","Olympia","Revenge of the Trees",0,"Earth Liberation Front (ELF)",0,,,0,0,Business,,,North America,Facility/Infrastructure Attack,,,Incendiary,,,
200004140004,2000-04-14,"United States","Oakland Park","Anti-Abortion extremists",0,,,,,0,0,Abortion Related,,,North America,Facility/Infrastructure Attack,,,Incendiary,,,
200004090003,2000-04-09,"United States","Phoenix","Coalition to Save the Preserves (CSP)",1,,,,,0,0,Private Citizens & Property,,,North America,Facility/Infrastructure Attack,,,Incendiary,,,
200004030006,2000-04-03,"United States","Kansas City","Unknown",0,,,,,0,3,Government (General),,,North America,Unarmed Assault,,,Chemical,,,
200003250005,2000-03-25,"United States","Chandler","Unknown",0,,,,,0,1,Private Citizens & Property,,,North America,Bombing/Explosion,,,Explosives/Bombs/Dynamite,,,
200003220005,2000-03-22,"United States","Ogden","Unknown",0,,,,,0,3,Government (General),,,North America,Unarmed Assault,,,Chemical,,,
200003120004,2000-03-12,"United States","Viroqua","Animal Liberation Front (ALF)",0,,,,,0,0,Business,,,North America,Facility/Infrastructure Attack,,,Incendiary,,,
200002250007,2000-02-25,"United States","Fremont","Animal Liberation Front (ALF)",0,,,,,0,0,Business,,,North America,Facility/Infrastructure Attack,,,Incendiary,,,
200002090002,2000-02-09,"Mexico","Tijuana","Gunmen",0,,,4,0,Private Citizens & Property,,North America,Armed Assault,,,Firearms,,
200001240007,2000-01-24,"United States","Redwood City","Animal Liberation Front (ALF)",0,,,,,0,0,Business,,,North America,Facility/Infrastructure Attack,,,Incendiary,,,
200001200002,2000-01-20,"United States","Bloomington","Earth Liberation Front (ELF)",0,,,,,0,0,Private Citizens & Property,,,North America,Facility/Infrastructure Attack,,,Incendiary,,,
200001150004,2000-01-15,"United States","Petaluma","Animal Liberation Front (ALF)",0,,,,,0,0,Business,,,North America,Facility/Infrastructure Attack,,,Incendiary,,,
200001030009,2000-01-03,"United States","Cincinnati","Anti-Abortion extremists",0,,,,,0,0,Abortion Related,,,North America,Bombing/Explosion,,,Explosives/Bombs/Dynamite,,,
200001030008,2000-01-03,"United States","Cincinnati","Anti-Abortion extremists",0,,,,,0,0,Abortion Related,,,North America,Bombing/Explosion,,,Explosives/Bombs/Dynamite,,,
200001030007,2000-01-03,"United States","Petaluma","Animal Liberation Front (ALF)",0,,,,,0,0,Business,,,North America,Facility/Infrastructure Attack,,,Incendiary,,,
200001010027,2000-01-01,"United States","Mesick","Earth Liberation Front (ELF)",0,,,,,0,0,Business,,,North America,Facility/Infrastructure Attack,,,Incendiary,,,
